Handle,Title,Body (HTML),Vendor,Product Category,Tags,Status,Option1 Name,Option1 Value,Option2 Name,Option2 Value,Variant SKU,Variant Grams,Variant Price,Image Src,Image Alt Text,SEO Title,SEO Description
luna-luce-italia-ll-3012,Luna Luce Italia LL-3012 Spot Light,"<h3>Why You'll Love It</h3><p>The Luna Luce Italia LL-3012 is a premium spot light solution designed for modern architecture and design. Crafted with precision, it offers exceptional lighting quality and durability for various applications.</p><ul><li>High-quality LED technology</li><li>Modern and sleek design</li><li>Energy-efficient performance</li><li>Reliable Luna Luce Italia craftsmanship</li></ul><h3>Technical Specifications</h3><table><tr><td>Code</td><td>LL-3012</td></tr><tr><td>Category</td><td>Spot Light</td></tr></table><p><b>Application Note:</b> Suitable for professional lighting installations in residential and commercial spaces.</p>",Luna Luce Italia,Spot Light,"Luna Luce Italia, Spot Light, LED, Lighting, Premium",active,Title,Default Title,,,LL-3012,0,,https://alshola-almodea.com/assets/Products%20Img/LL-3012%203.png,Luna Luce Italia LL-3012 Spot Light,Luna Luce Italia LL-3012 Spot Light,Shop the premium Luna Luce Italia LL-3012 Spot Light. High-quality lighting solutions for modern spaces.
luna-luce-italia-ll-3012,,,,,,,,,,,,,,https://alshola-almodea.com/assets/Products%20Img/LL-3012%201.png,,,
luna-luce-italia-ll-3012,,,,,,,,,,,,,,https://alshola-almodea.com/assets/Products%20Img/LL-3012%202.png,,,
luna-luce-italia-ll-3013,Luna Luce Italia LL-3013 Spot Light,"<h3>Why You'll Love It</h3><p>The Luna Luce Italia LL-3013 is a premium spot light solution designed for modern architecture and design. Crafted with precision, it offers exceptional lighting quality and durability for various applications.</p><ul><li>High-quality LED technology</li><li>Modern and sleek design</li><li>Energy-efficient performance</li><li>Reliable Luna Luce Italia craftsmanship</li></ul><h3>Technical Specifications</h3><table><tr><td>Code</td><td>LL-3013</td></tr><tr><td>Category</td><td>Spot Light</td></tr></table><p><b>Application Note:</b> Suitable for professional lighting installations in residential and commercial spaces.</p>",Luna Luce Italia,Spot Light,"Luna Luce Italia, Spot Light, LED, Lighting, Premium",active,Title,Default Title,,,LL-3013,0,,https://alshola-almodea.com/assets/Products%20Img/LL-3013%201.png,Luna Luce Italia LL-3013 Spot Light,Luna Luce Italia LL-3013 Spot Light,Shop the premium Luna Luce Italia LL-3013 Spot Light. High-quality lighting solutions for modern spaces.
luna-luce-italia-ll-3013,,,,,,,,,,,,,,https://alshola-almodea.com/assets/Products%20Img/LL-3013%202.png,,,
luna-luce-italia-ll-3013,,,,,,,,,,,,,,https://alshola-almodea.com/assets/Products%20Img/LL-3013%203.png,,,
luna-luce-italia-ll-3021,Luna Luce Italia LL-3021 Spot Light,"<h3>Why You'll Love It</h3><p>The Luna Luce Italia LL-3021 is a premium spot light solution designed for modern architecture and design. Crafted with precision, it offers exceptional lighting quality and durability for various applications.</p><ul><li>High-quality LED technology</li><li>Modern and sleek design</li><li>Energy-efficient performance</li><li>Reliable Luna Luce Italia craftsmanship</li></ul><h3>Technical Specifications</h3><table><tr><td>Code</td><td>LL-3021</td></tr><tr><td>Category</td><td>Spot Light</td></tr></table><p><b>Application Note:</b> Suitable for professional lighting installations in residential and commercial spaces.</p>",Luna Luce Italia,Spot Light,"Luna Luce Italia, Spot Light, LED, Lighting, Premium",active,Title,Default Title,,,LL-3021,0,,https://alshola-almodea.com/assets/Products%20Img/DLU44.png,Luna Luce Italia LL-3021 Spot Light,Luna Luce Italia LL-3021 Spot Light,Shop the premium Luna Luce Italia LL-3021 Spot Light. High-quality lighting solutions for modern spaces.
luna-luce-italia-ll-3022-bk,Luna Luce Italia LL-3022-BK Spot Light,"<h3>Why You'll Love It</h3><p>The Luna Luce Italia LL-3022-BK is a premium spot light solution designed for modern architecture and design. Crafted with precision, it offers exceptional lighting quality and durability for various applications.</p><ul><li>High-quality LED technology</li><li>Modern and sleek design</li><li>Energy-efficient performance</li><li>Reliable Luna Luce Italia craftsmanship</li></ul><h3>Technical Specifications</h3><table><tr><td>Code</td><td>LL-3022-BK</td></tr><tr><td>Category</td><td>Spot Light</td></tr></table><p><b>Application Note:</b> Suitable for professional lighting installations in residential and commercial spaces.</p>",Luna Luce Italia,Spot Light,"Luna Luce Italia, Spot Light, LED, Lighting, Premium",active,Title,Default Title,,,LL-3022-BK,0,,https://alshola-almodea.com/assets/Products%20Img/LL-3022-BK.png,Luna Luce Italia LL-3022-BK Spot Light,Luna Luce Italia LL-3022-BK Spot Light,Shop the premium Luna Luce Italia LL-3022-BK Spot Light. High-quality lighting solutions for modern spaces.
luna-luce-italia-ll-3022-bk,,,,,,,,,,,,,,"https://alshola-almodea.com/assets/Products%20Img/LL-3022-BK,2.jpg",,,
luna-luce-italia-ll-3019,Luna Luce Italia LL-3019 Spot Light,"<h3>Why You'll Love It</h3><p>The Luna Luce Italia LL-3019 is a premium spot light solution designed for modern architecture and design. Crafted with precision, it offers exceptional lighting quality and durability for various applications.</p><ul><li>High-quality LED technology</li><li>Modern and sleek design</li><li>Energy-efficient performance</li><li>Reliable Luna Luce Italia craftsmanship</li></ul><h3>Technical Specifications</h3><table><tr><td>Code</td><td>LL-3019</td></tr><tr><td>Category</td><td>Spot Light</td></tr></table><p><b>Application Note:</b> Suitable for professional lighting installations in residential and commercial spaces.</p>",Luna Luce Italia,Spot Light,"Luna Luce Italia, Spot Light, LED, Lighting, Premium",active,Title,Default Title,,,LL-3019,0,,https://alshola-almodea.com/assets/Products%20Img/LL-3019.png,Luna Luce Italia LL-3019 Spot Light,Luna Luce Italia LL-3019 Spot Light,Shop the premium Luna Luce Italia LL-3019 Spot Light. High-quality lighting solutions for modern spaces.
luna-luce-italia-ll-3019,,,,,,,,,,,,,,"https://alshola-almodea.com/assets/Products%20Img/LL-3019,2.png",,,
luna-luce-italia-ll-3019,,,,,,,,,,,,,,"https://alshola-almodea.com/assets/Products%20Img/LL-3019,3.png",,,
luna-luce-italia-ll-3019,,,,,,,,,,,,,,"https://alshola-almodea.com/assets/Products%20Img/LL-3019,4.png",,,
luna-luce-italia-ll-3019,,,,,,,,,,,,,,"https://alshola-almodea.com/assets/Products%20Img/LL-3019,5.png",,,
luna-luce-italia-ll-3032-s,Luna Luce Italia LL-3032-S Spot Light,"<h3>Why You'll Love It</h3><p>The Luna Luce Italia LL-3032-S is a premium spot light solution designed for modern architecture and design. Crafted with precision, it offers exceptional lighting quality and durability for various applications.</p><ul><li>High-quality LED technology</li><li>Modern and sleek design</li><li>Energy-efficient performance</li><li>Reliable Luna Luce Italia craftsmanship</li></ul><h3>Technical Specifications</h3><table><tr><td>Code</td><td>LL-3032-S</td></tr><tr><td>Category</td><td>Spot Light</td></tr></table><p><b>Application Note:</b> Suitable for professional lighting installations in residential and commercial spaces.</p>",Luna Luce Italia,Spot Light,"Luna Luce Italia, Spot Light, LED, Lighting, Premium",active,Title,Default Title,,,LL-3032-S,0,,https://alshola-almodea.com/assets/Products%20Img/LL-3032-S.png,Luna Luce Italia LL-3032-S Spot Light,Luna Luce Italia LL-3032-S Spot Light,Shop the premium Luna Luce Italia LL-3032-S Spot Light. High-quality lighting solutions for modern spaces.
luna-luce-italia-ll-3032-s,,,,,,,,,,,,,,"https://alshola-almodea.com/assets/Products%20Img/LL-3032-S,2.png",,,
luna-luce-italia-ll-3032-s,,,,,,,,,,,,,,"https://alshola-almodea.com/assets/Products%20Img/LL-3032-S,3.png",,,
luna-luce-italia-ll-3032-s,,,,,,,,,,,,,,"https://alshola-almodea.com/assets/Products%20Img/LL-3032-S,4.png",,,
luna-luce-italia-ll-3032-r,Luna Luce Italia LL-3032-R Spot Light,"<h3>Why You'll Love It</h3><p>The Luna Luce Italia LL-3032-R is a premium spot light solution designed for modern architecture and design. Crafted with precision, it offers exceptional lighting quality and durability for various applications.</p><ul><li>High-quality LED technology</li><li>Modern and sleek design</li><li>Energy-efficient performance</li><li>Reliable Luna Luce Italia craftsmanship</li></ul><h3>Technical Specifications</h3><table><tr><td>Code</td><td>LL-3032-R</td></tr><tr><td>Category</td><td>Spot Light</td></tr></table><p><b>Application Note:</b> Suitable for professional lighting installations in residential and commercial spaces.</p>",Luna Luce Italia,Spot Light,"Luna Luce Italia, Spot Light, LED, Lighting, Premium",active,Title,Default Title,,,LL-3032-R,0,,https://alshola-almodea.com/assets/Products%20Img/LL-3032%203.png,Luna Luce Italia LL-3032-R Spot Light,Luna Luce Italia LL-3032-R Spot Light,Shop the premium Luna Luce Italia LL-3032-R Spot Light. High-quality lighting solutions for modern spaces.
luna-luce-italia-ll-3031,Luna Luce Italia LL-3031 Spot Light,"<h3>Why You'll Love It</h3><p>The Luna Luce Italia LL-3031 is a premium spot light solution designed for modern architecture and design. Crafted with precision, it offers exceptional lighting quality and durability for various applications.</p><ul><li>High-quality LED technology</li><li>Modern and sleek design</li><li>Energy-efficient performance</li><li>Reliable Luna Luce Italia craftsmanship</li></ul><h3>Technical Specifications</h3><table><tr><td>Code</td><td>LL-3031</td></tr><tr><td>Category</td><td>Spot Light</td></tr></table><p><b>Application Note:</b> Suitable for professional lighting installations in residential and commercial spaces.</p>",Luna Luce Italia,Spot Light,"Luna Luce Italia, Spot Light, LED, Lighting, Premium",active,Title,Default Title,,,LL-3031,0,,https://alshola-almodea.com/assets/Products%20Img/LL-3031%202.png,Luna Luce Italia LL-3031 Spot Light,Luna Luce Italia LL-3031 Spot Light,Shop the premium Luna Luce Italia LL-3031 Spot Light. High-quality lighting solutions for modern spaces.
luna-luce-italia-ll-3031,,,,,,,,,,,,,,https://alshola-almodea.com/assets/Products%20Img/LL-3031%201.png,,,
luna-luce-italia-ll-3043,Luna Luce Italia LL-3043 Spot Light,"<h3>Why You'll Love It</h3><p>The Luna Luce Italia LL-3043 is a premium spot light solution designed for modern architecture and design. Crafted with precision, it offers exceptional lighting quality and durability for various applications.</p><ul><li>High-quality LED technology</li><li>Modern and sleek design</li><li>Energy-efficient performance</li><li>Reliable Luna Luce Italia craftsmanship</li></ul><h3>Technical Specifications</h3><table><tr><td>Code</td><td>LL-3043</td></tr><tr><td>Category</td><td>Spot Light</td></tr></table><p><b>Application Note:</b> Suitable for professional lighting installations in residential and commercial spaces.</p>",Luna Luce Italia,Spot Light,"Luna Luce Italia, Spot Light, LED, Lighting, Premium",active,Title,Default Title,,,LL-3043,0,,https://alshola-almodea.com/assets/Products%20Img/LL-3043.png,Luna Luce Italia LL-3043 Spot Light,Luna Luce Italia LL-3043 Spot Light,Shop the premium Luna Luce Italia LL-3043 Spot Light. High-quality lighting solutions for modern spaces.
luna-luce-italia-ll-3061,Luna Luce Italia LL-3061 Spot Light,"<h3>Why You'll Love It</h3><p>The Luna Luce Italia LL-3061 is a premium spot light solution designed for modern architecture and design. Crafted with precision, it offers exceptional lighting quality and durability for various applications.</p><ul><li>High-quality LED technology</li><li>Modern and sleek design</li><li>Energy-efficient performance</li><li>Reliable Luna Luce Italia craftsmanship</li></ul><h3>Technical Specifications</h3><table><tr><td>Code</td><td>LL-3061</td></tr><tr><td>Category</td><td>Spot Light</td></tr></table><p><b>Application Note:</b> Suitable for professional lighting installations in residential and commercial spaces.</p>",Luna Luce Italia,Spot Light,"Luna Luce Italia, Spot Light, LED, Lighting, Premium",active,Title,Default Title,,,LL-3061,0,,https://alshola-almodea.com/assets/Products%20Img/LL-3061.png,Luna Luce Italia LL-3061 Spot Light,Luna Luce Italia LL-3061 Spot Light,Shop the premium Luna Luce Italia LL-3061 Spot Light. High-quality lighting solutions for modern spaces.
luna-luce-italia-ll-3061,,,,,,,,,,,,,,"https://alshola-almodea.com/assets/Products%20Img/LL-3061,2.png",,,
luna-luce-italia-ll-3061,,,,,,,,,,,,,,"https://alshola-almodea.com/assets/Products%20Img/LL-3061,4.png",,,
luna-luce-italia-ll-3061,,,,,,,,,,,,,,"https://alshola-almodea.com/assets/Products%20Img/LL-3061,3.png",,,
luna-luce-italia-ll-3061,,,,,,,,,,,,,,"https://alshola-almodea.com/assets/Products%20Img/LL-3061,5.png",,,
luna-luce-italia-ll-3016,Luna Luce Italia LL-3016 Spot Light,"<h3>Why You'll Love It</h3><p>The Luna Luce Italia LL-3016 is a premium spot light solution designed for modern architecture and design. Crafted with precision, it offers exceptional lighting quality and durability for various applications.</p><ul><li>High-quality LED technology</li><li>Modern and sleek design</li><li>Energy-efficient performance</li><li>Reliable Luna Luce Italia craftsmanship</li></ul><h3>Technical Specifications</h3><table><tr><td>Code</td><td>LL-3016</td></tr><tr><td>Category</td><td>Spot Light</td></tr></table><p><b>Application Note:</b> Suitable for professional lighting installations in residential and commercial spaces.</p>",Luna Luce Italia,Spot Light,"Luna Luce Italia, Spot Light, LED, Lighting, Premium",active,Title,Default Title,,,LL-3016,0,,https://alshola-almodea.com/assets/Products%20Img/LL-3016.png,Luna Luce Italia LL-3016 Spot Light,Luna Luce Italia LL-3016 Spot Light,Shop the premium Luna Luce Italia LL-3016 Spot Light. High-quality lighting solutions for modern spaces.
luna-luce-italia-ll-3016,,,,,,,,,,,,,,"https://alshola-almodea.com/assets/Products%20Img/LL-3016,2.png",,,
luna-luce-italia-ll-3016,,,,,,,,,,,,,,"https://alshola-almodea.com/assets/Products%20Img/LL-3016,3.png",,,
luna-luce-italia-ll-3017,Luna Luce Italia LL-3017 Spot Light,"<h3>Why You'll Love It</h3><p>The Luna Luce Italia LL-3017 is a premium spot light solution designed for modern architecture and design. Crafted with precision, it offers exceptional lighting quality and durability for various applications.</p><ul><li>High-quality LED technology</li><li>Modern and sleek design</li><li>Energy-efficient performance</li><li>Reliable Luna Luce Italia craftsmanship</li></ul><h3>Technical Specifications</h3><table><tr><td>Code</td><td>LL-3017</td></tr><tr><td>Category</td><td>Spot Light</td></tr></table><p><b>Application Note:</b> Suitable for professional lighting installations in residential and commercial spaces.</p>",Luna Luce Italia,Spot Light,"Luna Luce Italia, Spot Light, LED, Lighting, Premium",active,Title,Default Title,,,LL-3017,0,,https://alshola-almodea.com/assets/Products%20Img/LL-3017.png,Luna Luce Italia LL-3017 Spot Light,Luna Luce Italia LL-3017 Spot Light,Shop the premium Luna Luce Italia LL-3017 Spot Light. High-quality lighting solutions for modern spaces.
luna-luce-italia-ll-3017,,,,,,,,,,,,,,"https://alshola-almodea.com/assets/Products%20Img/LL-3017,2.png",,,
luna-luce-italia-ll-3017,,,,,,,,,,,,,,"https://alshola-almodea.com/assets/Products%20Img/LL-3017,3.png",,,
luna-luce-italia-ll-3018,Luna Luce Italia LL-3018 Spot Light,"<h3>Why You'll Love It</h3><p>The Luna Luce Italia LL-3018 is a premium spot light solution designed for modern architecture and design. Crafted with precision, it offers exceptional lighting quality and durability for various applications.</p><ul><li>High-quality LED technology</li><li>Modern and sleek design</li><li>Energy-efficient performance</li><li>Reliable Luna Luce Italia craftsmanship</li></ul><h3>Technical Specifications</h3><table><tr><td>Code</td><td>LL-3018</td></tr><tr><td>Category</td><td>Spot Light</td></tr></table><p><b>Application Note:</b> Suitable for professional lighting installations in residential and commercial spaces.</p>",Luna Luce Italia,Spot Light,"Luna Luce Italia, Spot Light, LED, Lighting, Premium",active,Title,Default Title,,,LL-3018,0,,https://alshola-almodea.com/assets/Products%20Img/LL-3018.png,Luna Luce Italia LL-3018 Spot Light,Luna Luce Italia LL-3018 Spot Light,Shop the premium Luna Luce Italia LL-3018 Spot Light. High-quality lighting solutions for modern spaces.
luna-luce-italia-ll-3018,,,,,,,,,,,,,,"https://alshola-almodea.com/assets/Products%20Img/LL-3018,2.png",,,
luna-luce-italia-ll-3018,,,,,,,,,,,,,,"https://alshola-almodea.com/assets/Products%20Img/LL-3018,3.png",,,
luna-luce-italia-ll-3003,Luna Luce Italia LL-3003 Spot Light,"<h3>Why You'll Love It</h3><p>The Luna Luce Italia LL-3003 is a premium spot light solution designed for modern architecture and design. Crafted with precision, it offers exceptional lighting quality and durability for various applications.</p><ul><li>High-quality LED technology</li><li>Modern and sleek design</li><li>Energy-efficient performance</li><li>Reliable Luna Luce Italia craftsmanship</li></ul><h3>Technical Specifications</h3><table><tr><td>Code</td><td>LL-3003</td></tr><tr><td>Category</td><td>Spot Light</td></tr></table><p><b>Application Note:</b> Suitable for professional lighting installations in residential and commercial spaces.</p>",Luna Luce Italia,Spot Light,"Luna Luce Italia, Spot Light, LED, Lighting, Premium",active,Title,Default Title,,,LL-3003,0,,https://alshola-almodea.com/assets/Products%20Img/SL-LL-3003.png,Luna Luce Italia LL-3003 Spot Light,Luna Luce Italia LL-3003 Spot Light,Shop the premium Luna Luce Italia LL-3003 Spot Light. High-quality lighting solutions for modern spaces.
luna-luce-italia-ll-3003,,,,,,,,,,,,,,"https://alshola-almodea.com/assets/Products%20Img/SL-LL-3003,3.png",,,
luna-luce-italia-ll-3003,,,,,,,,,,,,,,"https://alshola-almodea.com/assets/Products%20Img/SL-LL-3003,4.png",,,
luna-luce-italia-ll-2003,Luna Luce Italia LL-2003 Spot Light,"<h3>Why You'll Love It</h3><p>The Luna Luce Italia LL-2003 is a premium spot light solution designed for modern architecture and design. Crafted with precision, it offers exceptional lighting quality and durability for various applications.</p><ul><li>High-quality LED technology</li><li>Modern and sleek design</li><li>Energy-efficient performance</li><li>Reliable Luna Luce Italia craftsmanship</li></ul><h3>Technical Specifications</h3><table><tr><td>Code</td><td>LL-2003</td></tr><tr><td>Category</td><td>Spot Light</td></tr></table><p><b>Application Note:</b> Suitable for professional lighting installations in residential and commercial spaces.</p>",Luna Luce Italia,Spot Light,"Luna Luce Italia, Spot Light, LED, Lighting, Premium",active,Title,Default Title,,,LL-2003,0,,https://alshola-almodea.com/assets/Products%20Img/SL-LL-2003.png,Luna Luce Italia LL-2003 Spot Light,Luna Luce Italia LL-2003 Spot Light,Shop the premium Luna Luce Italia LL-2003 Spot Light. High-quality lighting solutions for modern spaces.
luna-luce-italia-ll-2003,,,,,,,,,,,,,,"https://alshola-almodea.com/assets/Products%20Img/SL-LL-2003,2.png",,,
luna-luce-italia-ll-3009,Luna Luce Italia LL-3009 Spot Light,"<h3>Why You'll Love It</h3><p>The Luna Luce Italia LL-3009 is a premium spot light solution designed for modern architecture and design. Crafted with precision, it offers exceptional lighting quality and durability for various applications.</p><ul><li>High-quality LED technology</li><li>Modern and sleek design</li><li>Energy-efficient performance</li><li>Reliable Luna Luce Italia craftsmanship</li></ul><h3>Technical Specifications</h3><table><tr><td>Code</td><td>LL-3009</td></tr><tr><td>Category</td><td>Spot Light</td></tr></table><p><b>Application Note:</b> Suitable for professional lighting installations in residential and commercial spaces.</p>",Luna Luce Italia,Spot Light,"Luna Luce Italia, Spot Light, LED, Lighting, Premium",active,Title,Default Title,,,LL-3009,0,,https://alshola-almodea.com/assets/Products%20Img/LL-3009.png,Luna Luce Italia LL-3009 Spot Light,Luna Luce Italia LL-3009 Spot Light,Shop the premium Luna Luce Italia LL-3009 Spot Light. High-quality lighting solutions for modern spaces.
luna-luce-italia-ll-3009,,,,,,,,,,,,,,"https://alshola-almodea.com/assets/Products%20Img/SL-LL-2003,6.png",,,
luna-luce-italia-ll-3009,,,,,,,,,,,,,,"https://alshola-almodea.com/assets/Products%20Img/LL-3009,1.png",,,
luna-luce-italia-ll-3009,,,,,,,,,,,,,,"https://alshola-almodea.com/assets/Products%20Img/LL-3009,2.png",,,
luna-luce-italia-ll-3009,,,,,,,,,,,,,,"https://alshola-almodea.com/assets/Products%20Img/LL-3009,3.png",,,
luna-luce-italia-ll-3033,Luna Luce Italia LL-3033 Spot Light,"<h3>Why You'll Love It</h3><p>The Luna Luce Italia LL-3033 is a premium spot light solution designed for modern architecture and design. Crafted with precision, it offers exceptional lighting quality and durability for various applications.</p><ul><li>High-quality LED technology</li><li>Modern and sleek design</li><li>Energy-efficient performance</li><li>Reliable Luna Luce Italia craftsmanship</li></ul><h3>Technical Specifications</h3><table><tr><td>Code</td><td>LL-3033</td></tr><tr><td>Category</td><td>Spot Light</td></tr></table><p><b>Application Note:</b> Suitable for professional lighting installations in residential and commercial spaces.</p>",Luna Luce Italia,Spot Light,"Luna Luce Italia, Spot Light, LED, Lighting, Premium",active,Title,Default Title,,,LL-3033,0,,https://alshola-almodea.com/assets/Products%20Img/LL-3033.png,Luna Luce Italia LL-3033 Spot Light,Luna Luce Italia LL-3033 Spot Light,Shop the premium Luna Luce Italia LL-3033 Spot Light. High-quality lighting solutions for modern spaces.
luna-luce-italia-ll-3033,,,,,,,,,,,,,,"https://alshola-almodea.com/assets/Products%20Img/LL-3033,1.png",,,
luna-luce-italia-ll-3033,,,,,,,,,,,,,,"https://alshola-almodea.com/assets/Products%20Img/LL-3033,2.png",,,
luna-luce-italia-ll-3033,,,,,,,,,,,,,,"https://alshola-almodea.com/assets/Products%20Img/LL-3033,3.png",,,
luna-luce-italia-ll-3033,,,,,,,,,,,,,,"https://alshola-almodea.com/assets/Products%20Img/LL-3033,4.png",,,
luna-luce-italia-ll-5010,Luna Luce Italia LL-5010 Spot Light,"<h3>Why You'll Love It</h3><p>The Luna Luce Italia LL-5010 is a premium spot light solution designed for modern architecture and design. Crafted with precision, it offers exceptional lighting quality and durability for various applications.</p><ul><li>High-quality LED technology</li><li>Modern and sleek design</li><li>Energy-efficient performance</li><li>Reliable Luna Luce Italia craftsmanship</li></ul><h3>Technical Specifications</h3><table><tr><td>Code</td><td>LL-5010</td></tr><tr><td>Category</td><td>Spot Light</td></tr></table><p><b>Application Note:</b> Suitable for professional lighting installations in residential and commercial spaces.</p>",Luna Luce Italia,Spot Light,"Luna Luce Italia, Spot Light, LED, Lighting, Premium",active,Title,Default Title,,,LL-5010,0,,https://alshola-almodea.com/assets/Products%20Img/LL-5010.png,Luna Luce Italia LL-5010 Spot Light,Luna Luce Italia LL-5010 Spot Light,Shop the premium Luna Luce Italia LL-5010 Spot Light. High-quality lighting solutions for modern spaces.
luna-luce-italia-ll-3017ch,Luna Luce Italia LL-3017CH Spot Light,"<h3>Why You'll Love It</h3><p>The Luna Luce Italia LL-3017CH is a premium spot light solution designed for modern architecture and design. Crafted with precision, it offers exceptional lighting quality and durability for various applications.</p><ul><li>High-quality LED technology</li><li>Modern and sleek design</li><li>Energy-efficient performance</li><li>Reliable Luna Luce Italia craftsmanship</li></ul><h3>Technical Specifications</h3><table><tr><td>Code</td><td>LL-3017CH</td></tr><tr><td>Category</td><td>Spot Light</td></tr></table><p><b>Application Note:</b> Suitable for professional lighting installations in residential and commercial spaces.</p>",Luna Luce Italia,Spot Light,"Luna Luce Italia, Spot Light, LED, Lighting, Premium",active,Title,Default Title,,,LL-3017CH,0,,https://alshola-almodea.com/assets/Products%20Img/LL-3017CH.png,Luna Luce Italia LL-3017CH Spot Light,Luna Luce Italia LL-3017CH Spot Light,Shop the premium Luna Luce Italia LL-3017CH Spot Light. High-quality lighting solutions for modern spaces.
luna-luce-italia-ll-3027,Luna Luce Italia LL-3027 Spot Light,"<h3>Why You'll Love It</h3><p>The Luna Luce Italia LL-3027 is a premium spot light solution designed for modern architecture and design. Crafted with precision, it offers exceptional lighting quality and durability for various applications.</p><ul><li>High-quality LED technology</li><li>Modern and sleek design</li><li>Energy-efficient performance</li><li>Reliable Luna Luce Italia craftsmanship</li></ul><h3>Technical Specifications</h3><table><tr><td>Code</td><td>LL-3027</td></tr><tr><td>Category</td><td>Spot Light</td></tr></table><p><b>Application Note:</b> Suitable for professional lighting installations in residential and commercial spaces.</p>",Luna Luce Italia,Spot Light,"Luna Luce Italia, Spot Light, LED, Lighting, Premium",active,Title,Default Title,,,LL-3027,0,,https://alshola-almodea.com/assets/Products%20Img/LL-3027.png,Luna Luce Italia LL-3027 Spot Light,Luna Luce Italia LL-3027 Spot Light,Shop the premium Luna Luce Italia LL-3027 Spot Light. High-quality lighting solutions for modern spaces.
luna-luce-italia-ll-3028,Luna Luce Italia LL-3028 Spot Light,"<h3>Why You'll Love It</h3><p>The Luna Luce Italia LL-3028 is a premium spot light solution designed for modern architecture and design. Crafted with precision, it offers exceptional lighting quality and durability for various applications.</p><ul><li>High-quality LED technology</li><li>Modern and sleek design</li><li>Energy-efficient performance</li><li>Reliable Luna Luce Italia craftsmanship</li></ul><h3>Technical Specifications</h3><table><tr><td>Code</td><td>LL-3028</td></tr><tr><td>Category</td><td>Spot Light</td></tr></table><p><b>Application Note:</b> Suitable for professional lighting installations in residential and commercial spaces.</p>",Luna Luce Italia,Spot Light,"Luna Luce Italia, Spot Light, LED, Lighting, Premium",active,Title,Default Title,,,LL-3028,0,,https://alshola-almodea.com/assets/Products%20Img/LL-3028.png,Luna Luce Italia LL-3028 Spot Light,Luna Luce Italia LL-3028 Spot Light,Shop the premium Luna Luce Italia LL-3028 Spot Light. High-quality lighting solutions for modern spaces.
luna-luce-italia-ll-3034,Luna Luce Italia LL-3034 Spot Light,"<h3>Why You'll Love It</h3><p>The Luna Luce Italia LL-3034 is a premium spot light solution designed for modern architecture and design. Crafted with precision, it offers exceptional lighting quality and durability for various applications.</p><ul><li>High-quality LED technology</li><li>Modern and sleek design</li><li>Energy-efficient performance</li><li>Reliable Luna Luce Italia craftsmanship</li></ul><h3>Technical Specifications</h3><table><tr><td>Code</td><td>LL-3034</td></tr><tr><td>Category</td><td>Spot Light</td></tr></table><p><b>Application Note:</b> Suitable for professional lighting installations in residential and commercial spaces.</p>",Luna Luce Italia,Spot Light,"Luna Luce Italia, Spot Light, LED, Lighting, Premium",active,Title,Default Title,,,LL-3034,0,,https://alshola-almodea.com/assets/Products%20Img/LL-3034.png,Luna Luce Italia LL-3034 Spot Light,Luna Luce Italia LL-3034 Spot Light,Shop the premium Luna Luce Italia LL-3034 Spot Light. High-quality lighting solutions for modern spaces.
luna-luce-italia-ll-4001-r,Luna Luce Italia LL-4001-R Down Light,"<h3>Why You'll Love It</h3><p>The Luna Luce Italia LL-4001-R is a premium down light solution designed for modern architecture and design. Crafted with precision, it offers exceptional lighting quality and durability for various applications.</p><ul><li>High-quality LED technology</li><li>Modern and sleek design</li><li>Energy-efficient performance</li><li>Reliable Luna Luce Italia craftsmanship</li></ul><h3>Technical Specifications</h3><table><tr><td>Code</td><td>LL-4001-R</td></tr><tr><td>Category</td><td>Down Light</td></tr></table><p><b>Application Note:</b> Suitable for professional lighting installations in residential and commercial spaces.</p>",Luna Luce Italia,Down Light,"Luna Luce Italia, Down Light, LED, Lighting, Premium",active,Title,Default Title,,,LL-4001-R,0,,https://alshola-almodea.com/assets/Products%20Img/LL-4001-R-12-15-18W.png,Luna Luce Italia LL-4001-R Down Light,Luna Luce Italia LL-4001-R Down Light,Shop the premium Luna Luce Italia LL-4001-R Down Light. High-quality lighting solutions for modern spaces.
luna-luce-italia-ll-4001-r,,,,,,,,,,,,,,"https://alshola-almodea.com/assets/Products%20Img/LL-4001-R-12-15-18W,2.png",,,
luna-luce-italia-ll-4001-r,,,,,,,,,,,,,,"https://alshola-almodea.com/assets/Products%20Img/LL-4001-R-12-15-18W,3.png",,,
luna-luce-italia-ll-4001-r,,,,,,,,,,,,,,"https://alshola-almodea.com/assets/Products%20Img/LL-4001-R-12-15-18W,4.png",,,
luna-luce-italia-ll-4001-r,,,,,,,,,,,,,,"https://alshola-almodea.com/assets/Products%20Img/LL-4001-R-12-15-18W,6.png",,,
luna-luce-italia-ll-4001-s,Luna Luce Italia LL-4001-S Down Light,"<h3>Why You'll Love It</h3><p>The Luna Luce Italia LL-4001-S is a premium down light solution designed for modern architecture and design. Crafted with precision, it offers exceptional lighting quality and durability for various applications.</p><ul><li>High-quality LED technology</li><li>Modern and sleek design</li><li>Energy-efficient performance</li><li>Reliable Luna Luce Italia craftsmanship</li></ul><h3>Technical Specifications</h3><table><tr><td>Code</td><td>LL-4001-S</td></tr><tr><td>Category</td><td>Down Light</td></tr></table><p><b>Application Note:</b> Suitable for professional lighting installations in residential and commercial spaces.</p>",Luna Luce Italia,Down Light,"Luna Luce Italia, Down Light, LED, Lighting, Premium",active,Title,Default Title,,,LL-4001-S,0,,https://alshola-almodea.com/assets/Products%20Img/LL-4001-S-9-18-24W.png,Luna Luce Italia LL-4001-S Down Light,Luna Luce Italia LL-4001-S Down Light,Shop the premium Luna Luce Italia LL-4001-S Down Light. High-quality lighting solutions for modern spaces.
luna-luce-italia-ll-4001-s,,,,,,,,,,,,,,"https://alshola-almodea.com/assets/Products%20Img/LL-4001-S-9-18-24W,2.jpg",,,
luna-luce-italia-ll-4001-s,,,,,,,,,,,,,,"https://alshola-almodea.com/assets/Products%20Img/LL-4001-S-9-18-24W,3.png",,,
luna-luce-italia-ll-4002-r,Luna Luce Italia LL-4002-R Down Light,"<h3>Why You'll Love It</h3><p>The Luna Luce Italia LL-4002-R is a premium down light solution designed for modern architecture and design. Crafted with precision, it offers exceptional lighting quality and durability for various applications.</p><ul><li>High-quality LED technology</li><li>Modern and sleek design</li><li>Energy-efficient performance</li><li>Reliable Luna Luce Italia craftsmanship</li></ul><h3>Technical Specifications</h3><table><tr><td>Code</td><td>LL-4002-R</td></tr><tr><td>Category</td><td>Down Light</td></tr></table><p><b>Application Note:</b> Suitable for professional lighting installations in residential and commercial spaces.</p>",Luna Luce Italia,Down Light,"Luna Luce Italia, Down Light, LED, Lighting, Premium",active,Title,Default Title,,,LL-4002-R,0,,https://alshola-almodea.com/assets/Products%20Img/LL-4002-R-8-12-18-24W.png,Luna Luce Italia LL-4002-R Down Light,Luna Luce Italia LL-4002-R Down Light,Shop the premium Luna Luce Italia LL-4002-R Down Light. High-quality lighting solutions for modern spaces.
luna-luce-italia-ll-2000,Luna Luce Italia LL-2000 Down Light,"<h3>Why You'll Love It</h3><p>The Luna Luce Italia LL-2000 is a premium down light solution designed for modern architecture and design. Crafted with precision, it offers exceptional lighting quality and durability for various applications.</p><ul><li>High-quality LED technology</li><li>Modern and sleek design</li><li>Energy-efficient performance</li><li>Reliable Luna Luce Italia craftsmanship</li></ul><h3>Technical Specifications</h3><table><tr><td>Code</td><td>LL-2000</td></tr><tr><td>Category</td><td>Down Light</td></tr></table><p><b>Application Note:</b> Suitable for professional lighting installations in residential and commercial spaces.</p>",Luna Luce Italia,Down Light,"Luna Luce Italia, Down Light, LED, Lighting, Premium",active,Title,Default Title,,,LL-2000,0,,https://alshola-almodea.com/assets/Products%20Img/LL-2000.png,Luna Luce Italia LL-2000 Down Light,Luna Luce Italia LL-2000 Down Light,Shop the premium Luna Luce Italia LL-2000 Down Light. High-quality lighting solutions for modern spaces.
luna-luce-italia-ll-4201-r,Luna Luce Italia LL-4201-R Down Light,"<h3>Why You'll Love It</h3><p>The Luna Luce Italia LL-4201-R is a premium down light solution designed for modern architecture and design. Crafted with precision, it offers exceptional lighting quality and durability for various applications.</p><ul><li>High-quality LED technology</li><li>Modern and sleek design</li><li>Energy-efficient performance</li><li>Reliable Luna Luce Italia craftsmanship</li></ul><h3>Technical Specifications</h3><table><tr><td>Code</td><td>LL-4201-R</td></tr><tr><td>Category</td><td>Down Light</td></tr></table><p><b>Application Note:</b> Suitable for professional lighting installations in residential and commercial spaces.</p>",Luna Luce Italia,Down Light,"Luna Luce Italia, Down Light, LED, Lighting, Premium",active,Title,Default Title,,,LL-4201-R,0,,https://alshola-almodea.com/assets/Products%20Img/LL-4201-R-40W.png,Luna Luce Italia LL-4201-R Down Light,Luna Luce Italia LL-4201-R Down Light,Shop the premium Luna Luce Italia LL-4201-R Down Light. High-quality lighting solutions for modern spaces.
luna-luce-italia-ll-2020,Luna Luce Italia LL-2020 Down Light,"<h3>Why You'll Love It</h3><p>The Luna Luce Italia LL-2020 is a premium down light solution designed for modern architecture and design. Crafted with precision, it offers exceptional lighting quality and durability for various applications.</p><ul><li>High-quality LED technology</li><li>Modern and sleek design</li><li>Energy-efficient performance</li><li>Reliable Luna Luce Italia craftsmanship</li></ul><h3>Technical Specifications</h3><table><tr><td>Code</td><td>LL-2020</td></tr><tr><td>Category</td><td>Down Light</td></tr></table><p><b>Application Note:</b> Suitable for professional lighting installations in residential and commercial spaces.</p>",Luna Luce Italia,Down Light,"Luna Luce Italia, Down Light, LED, Lighting, Premium",active,Title,Default Title,,,LL-2020,0,,https://alshola-almodea.com/assets/Products%20Img/LL-2020.png,Luna Luce Italia LL-2020 Down Light,Luna Luce Italia LL-2020 Down Light,Shop the premium Luna Luce Italia LL-2020 Down Light. High-quality lighting solutions for modern spaces.
luna-luce-italia-ll-4302,Luna Luce Italia LL-4302 Down Light,"<h3>Why You'll Love It</h3><p>The Luna Luce Italia LL-4302 is a premium down light solution designed for modern architecture and design. Crafted with precision, it offers exceptional lighting quality and durability for various applications.</p><ul><li>High-quality LED technology</li><li>Modern and sleek design</li><li>Energy-efficient performance</li><li>Reliable Luna Luce Italia craftsmanship</li></ul><h3>Technical Specifications</h3><table><tr><td>Code</td><td>LL-4302</td></tr><tr><td>Category</td><td>Down Light</td></tr></table><p><b>Application Note:</b> Suitable for professional lighting installations in residential and commercial spaces.</p>",Luna Luce Italia,Down Light,"Luna Luce Italia, Down Light, LED, Lighting, Premium",active,Title,Default Title,,,LL-4302,0,,https://alshola-almodea.com/assets/Products%20Img/LL-4302-12-18-25-40W.png,Luna Luce Italia LL-4302 Down Light,Luna Luce Italia LL-4302 Down Light,Shop the premium Luna Luce Italia LL-4302 Down Light. High-quality lighting solutions for modern spaces.
luna-luce-italia-ll-4302,,,,,,,,,,,,,,"https://alshola-almodea.com/assets/Products%20Img/LL-4302-12-18-25-40W,2.png",,,
luna-luce-italia-ll-4302,,,,,,,,,,,,,,"https://alshola-almodea.com/assets/Products%20Img/LL-4302-12-18-25-40W,3.png",,,
luna-luce-italia-ll-4302,,,,,,,,,,,,,,"https://alshola-almodea.com/assets/Products%20Img/LL-4302-12-18-25-40W,4.png",,,
luna-luce-italia-ll-4302,,,,,,,,,,,,,,"https://alshola-almodea.com/assets/Products%20Img/LL-4302-12-18-25-40W,5.png",,,
luna-luce-italia-ll-3024,Luna Luce Italia LL-3024 Down Light,"<h3>Why You'll Love It</h3><p>The Luna Luce Italia LL-3024 is a premium down light solution designed for modern architecture and design. Crafted with precision, it offers exceptional lighting quality and durability for various applications.</p><ul><li>High-quality LED technology</li><li>Modern and sleek design</li><li>Energy-efficient performance</li><li>Reliable Luna Luce Italia craftsmanship</li></ul><h3>Technical Specifications</h3><table><tr><td>Code</td><td>LL-3024</td></tr><tr><td>Category</td><td>Down Light</td></tr></table><p><b>Application Note:</b> Suitable for professional lighting installations in residential and commercial spaces.</p>",Luna Luce Italia,Down Light,"Luna Luce Italia, Down Light, LED, Lighting, Premium",active,Title,Default Title,,,LL-3024,0,,https://alshola-almodea.com/assets/Products%20Img/LL-3024.png,Luna Luce Italia LL-3024 Down Light,Luna Luce Italia LL-3024 Down Light,Shop the premium Luna Luce Italia LL-3024 Down Light. High-quality lighting solutions for modern spaces.
luna-luce-italia-ll-3081,Luna Luce Italia LL-3081 Down Light,"<h3>Why You'll Love It</h3><p>The Luna Luce Italia LL-3081 is a premium down light solution designed for modern architecture and design. Crafted with precision, it offers exceptional lighting quality and durability for various applications.</p><ul><li>High-quality LED technology</li><li>Modern and sleek design</li><li>Energy-efficient performance</li><li>Reliable Luna Luce Italia craftsmanship</li></ul><h3>Technical Specifications</h3><table><tr><td>Code</td><td>LL-3081</td></tr><tr><td>Category</td><td>Down Light</td></tr></table><p><b>Application Note:</b> Suitable for professional lighting installations in residential and commercial spaces.</p>",Luna Luce Italia,Down Light,"Luna Luce Italia, Down Light, LED, Lighting, Premium",active,Title,Default Title,,,LL-3081,0,,https://alshola-almodea.com/assets/Products%20Img/LL-3081.png,Luna Luce Italia LL-3081 Down Light,Luna Luce Italia LL-3081 Down Light,Shop the premium Luna Luce Italia LL-3081 Down Light. High-quality lighting solutions for modern spaces.
luna-luce-italia-ll-4003-wh,Luna Luce Italia LL-4003-WH Down Light,"<h3>Why You'll Love It</h3><p>The Luna Luce Italia LL-4003-WH is a premium down light solution designed for modern architecture and design. Crafted with precision, it offers exceptional lighting quality and durability for various applications.</p><ul><li>High-quality LED technology</li><li>Modern and sleek design</li><li>Energy-efficient performance</li><li>Reliable Luna Luce Italia craftsmanship</li></ul><h3>Technical Specifications</h3><table><tr><td>Code</td><td>LL-4003-WH</td></tr><tr><td>Category</td><td>Down Light</td></tr></table><p><b>Application Note:</b> Suitable for professional lighting installations in residential and commercial spaces.</p>",Luna Luce Italia,Down Light,"Luna Luce Italia, Down Light, LED, Lighting, Premium",active,Title,Default Title,,,LL-4003-WH,0,,https://alshola-almodea.com/assets/Products%20Img/LL-4003-WH.png,Luna Luce Italia LL-4003-WH Down Light,Luna Luce Italia LL-4003-WH Down Light,Shop the premium Luna Luce Italia LL-4003-WH Down Light. High-quality lighting solutions for modern spaces.
luna-luce-italia-t8,Luna Luce Italia T8 Lamps & Tubes,"<h3>Why You'll Love It</h3><p>The Luna Luce Italia T8 is a premium lamps & tubes solution designed for modern architecture and design. Crafted with precision, it offers exceptional lighting quality and durability for various applications.</p><ul><li>High-quality LED technology</li><li>Modern and sleek design</li><li>Energy-efficient performance</li><li>Reliable Luna Luce Italia craftsmanship</li></ul><h3>Technical Specifications</h3><table><tr><td>Code</td><td>T8</td></tr><tr><td>Category</td><td>Lamps & Tubes</td></tr></table><p><b>Application Note:</b> Suitable for professional lighting installations in residential and commercial spaces.</p>",Luna Luce Italia,Lamps & Tubes,"Luna Luce Italia, Lamps & Tubes, LED, Lighting, Premium",active,Title,Default Title,,,T8,0,,https://alshola-almodea.com/assets/Products%20Img/T8.png,Luna Luce Italia T8 Lamps & Tubes,Luna Luce Italia T8 Lamps & Tubes,Shop the premium Luna Luce Italia T8 Lamps & Tubes. High-quality lighting solutions for modern spaces.
luna-luce-italia-ll-mr16,Luna Luce Italia LL-MR16 Lamps & Tubes,"<h3>Why You'll Love It</h3><p>The Luna Luce Italia LL-MR16 is a premium lamps & tubes solution designed for modern architecture and design. Crafted with precision, it offers exceptional lighting quality and durability for various applications.</p><ul><li>High-quality LED technology</li><li>Modern and sleek design</li><li>Energy-efficient performance</li><li>Reliable Luna Luce Italia craftsmanship</li></ul><h3>Technical Specifications</h3><table><tr><td>Code</td><td>LL-MR16</td></tr><tr><td>Category</td><td>Lamps & Tubes</td></tr></table><p><b>Application Note:</b> Suitable for professional lighting installations in residential and commercial spaces.</p>",Luna Luce Italia,Lamps & Tubes,"Luna Luce Italia, Lamps & Tubes, LED, Lighting, Premium",active,Title,Default Title,,,LL-MR16,0,,https://alshola-almodea.com/assets/Products%20Img/LL-MR.png,Luna Luce Italia LL-MR16 Lamps & Tubes,Luna Luce Italia LL-MR16 Lamps & Tubes,Shop the premium Luna Luce Italia LL-MR16 Lamps & Tubes. High-quality lighting solutions for modern spaces.
luna-luce-italia-ll-gu,Luna Luce Italia LL-GU Lamps & Tubes,"<h3>Why You'll Love It</h3><p>The Luna Luce Italia LL-GU is a premium lamps & tubes solution designed for modern architecture and design. Crafted with precision, it offers exceptional lighting quality and durability for various applications.</p><ul><li>High-quality LED technology</li><li>Modern and sleek design</li><li>Energy-efficient performance</li><li>Reliable Luna Luce Italia craftsmanship</li></ul><h3>Technical Specifications</h3><table><tr><td>Code</td><td>LL-GU</td></tr><tr><td>Category</td><td>Lamps & Tubes</td></tr></table><p><b>Application Note:</b> Suitable for professional lighting installations in residential and commercial spaces.</p>",Luna Luce Italia,Lamps & Tubes,"Luna Luce Italia, Lamps & Tubes, LED, Lighting, Premium",active,Title,Default Title,,,LL-GU,0,,https://alshola-almodea.com/assets/Products%20Img/LL-GU.png,Luna Luce Italia LL-GU Lamps & Tubes,Luna Luce Italia LL-GU Lamps & Tubes,Shop the premium Luna Luce Italia LL-GU Lamps & Tubes. High-quality lighting solutions for modern spaces.
luna-luce-italia-ll-e14,Luna Luce Italia LL-E14 Lamps & Tubes,"<h3>Why You'll Love It</h3><p>The Luna Luce Italia LL-E14 is a premium lamps & tubes solution designed for modern architecture and design. Crafted with precision, it offers exceptional lighting quality and durability for various applications.</p><ul><li>High-quality LED technology</li><li>Modern and sleek design</li><li>Energy-efficient performance</li><li>Reliable Luna Luce Italia craftsmanship</li></ul><h3>Technical Specifications</h3><table><tr><td>Code</td><td>LL-E14</td></tr><tr><td>Category</td><td>Lamps & Tubes</td></tr></table><p><b>Application Note:</b> Suitable for professional lighting installations in residential and commercial spaces.</p>",Luna Luce Italia,Lamps & Tubes,"Luna Luce Italia, Lamps & Tubes, LED, Lighting, Premium",active,Title,Default Title,,,LL-E14,0,,https://alshola-almodea.com/assets/Products%20Img/LL-E14.png,Luna Luce Italia LL-E14 Lamps & Tubes,Luna Luce Italia LL-E14 Lamps & Tubes,Shop the premium Luna Luce Italia LL-E14 Lamps & Tubes. High-quality lighting solutions for modern spaces.
luna-luce-italia-t5,Luna Luce Italia T5 Lamps & Tubes,"<h3>Why You'll Love It</h3><p>The Luna Luce Italia T5 is a premium lamps & tubes solution designed for modern architecture and design. Crafted with precision, it offers exceptional lighting quality and durability for various applications.</p><ul><li>High-quality LED technology</li><li>Modern and sleek design</li><li>Energy-efficient performance</li><li>Reliable Luna Luce Italia craftsmanship</li></ul><h3>Technical Specifications</h3><table><tr><td>Code</td><td>T5</td></tr><tr><td>Category</td><td>Lamps & Tubes</td></tr></table><p><b>Application Note:</b> Suitable for professional lighting installations in residential and commercial spaces.</p>",Luna Luce Italia,Lamps & Tubes,"Luna Luce Italia, Lamps & Tubes, LED, Lighting, Premium",active,Title,Default Title,,,T5,0,,https://alshola-almodea.com/assets/Products%20Img/T5.png,Luna Luce Italia T5 Lamps & Tubes,Luna Luce Italia T5 Lamps & Tubes,Shop the premium Luna Luce Italia T5 Lamps & Tubes. High-quality lighting solutions for modern spaces.
luna-luce-italia-ll-e27,Luna Luce Italia LL-E27 Lamps & Tubes,"<h3>Why You'll Love It</h3><p>The Luna Luce Italia LL-E27 is a premium lamps & tubes solution designed for modern architecture and design. Crafted with precision, it offers exceptional lighting quality and durability for various applications.</p><ul><li>High-quality LED technology</li><li>Modern and sleek design</li><li>Energy-efficient performance</li><li>Reliable Luna Luce Italia craftsmanship</li></ul><h3>Technical Specifications</h3><table><tr><td>Code</td><td>LL-E27</td></tr><tr><td>Category</td><td>Lamps & Tubes</td></tr></table><p><b>Application Note:</b> Suitable for professional lighting installations in residential and commercial spaces.</p>",Luna Luce Italia,Lamps & Tubes,"Luna Luce Italia, Lamps & Tubes, LED, Lighting, Premium",active,Title,Default Title,,,LL-E27,0,,https://alshola-almodea.com/assets/Products%20Img/LL-E27.png,Luna Luce Italia LL-E27 Lamps & Tubes,Luna Luce Italia LL-E27 Lamps & Tubes,Shop the premium Luna Luce Italia LL-E27 Lamps & Tubes. High-quality lighting solutions for modern spaces.
luna-luce-italia-ll-5013,Luna Luce Italia LL-5013 Strip Light & Aluminium Profile,"<h3>Why You'll Love It</h3><p>The Luna Luce Italia LL-5013 is a premium strip light & aluminium profile solution designed for modern architecture and design. Crafted with precision, it offers exceptional lighting quality and durability for various applications.</p><ul><li>High-quality LED technology</li><li>Modern and sleek design</li><li>Energy-efficient performance</li><li>Reliable Luna Luce Italia craftsmanship</li></ul><h3>Technical Specifications</h3><table><tr><td>Code</td><td>LL-5013</td></tr><tr><td>Category</td><td>Strip Light & Aluminium Profile</td></tr></table><p><b>Application Note:</b> Suitable for professional lighting installations in residential and commercial spaces.</p>",Luna Luce Italia,Strip Light & Aluminium Profile,"Luna Luce Italia, Strip Light & Aluminium Profile, LED, Lighting, Premium",active,Title,Default Title,,,LL-5013,0,,https://alshola-almodea.com/assets/Products%20Img/LL-5013.png,Luna Luce Italia LL-5013 Strip Light & Aluminium Profile,Luna Luce Italia LL-5013 Strip Light & Aluminium Profile,Shop the premium Luna Luce Italia LL-5013 Strip Light & Aluminium Profile. High-quality lighting solutions for modern spaces.
luna-luce-italia-ll-6010,Luna Luce Italia LL-6010 Strip Light & Aluminium Profile,"<h3>Why You'll Love It</h3><p>The Luna Luce Italia LL-6010 is a premium strip light & aluminium profile solution designed for modern architecture and design. Crafted with precision, it offers exceptional lighting quality and durability for various applications.</p><ul><li>High-quality LED technology</li><li>Modern and sleek design</li><li>Energy-efficient performance</li><li>Reliable Luna Luce Italia craftsmanship</li></ul><h3>Technical Specifications</h3><table><tr><td>Code</td><td>LL-6010</td></tr><tr><td>Category</td><td>Strip Light & Aluminium Profile</td></tr></table><p><b>Application Note:</b> Suitable for professional lighting installations in residential and commercial spaces.</p>",Luna Luce Italia,Strip Light & Aluminium Profile,"Luna Luce Italia, Strip Light & Aluminium Profile, LED, Lighting, Premium",active,Title,Default Title,,,LL-6010,0,,https://alshola-almodea.com/assets/Products%20Img/LL-6010.png,Luna Luce Italia LL-6010 Strip Light & Aluminium Profile,Luna Luce Italia LL-6010 Strip Light & Aluminium Profile,Shop the premium Luna Luce Italia LL-6010 Strip Light & Aluminium Profile. High-quality lighting solutions for modern spaces.
luna-luce-italia-ll-6012-rgb,Luna Luce Italia LL-6012-RGB Strip Light & Aluminium Profile,"<h3>Why You'll Love It</h3><p>The Luna Luce Italia LL-6012-RGB is a premium strip light & aluminium profile solution designed for modern architecture and design. Crafted with precision, it offers exceptional lighting quality and durability for various applications.</p><ul><li>High-quality LED technology</li><li>Modern and sleek design</li><li>Energy-efficient performance</li><li>Reliable Luna Luce Italia craftsmanship</li></ul><h3>Technical Specifications</h3><table><tr><td>Code</td><td>LL-6012-RGB</td></tr><tr><td>Category</td><td>Strip Light & Aluminium Profile</td></tr></table><p><b>Application Note:</b> Suitable for professional lighting installations in residential and commercial spaces.</p>",Luna Luce Italia,Strip Light & Aluminium Profile,"Luna Luce Italia, Strip Light & Aluminium Profile, LED, Lighting, Premium",active,Title,Default Title,,,LL-6012-RGB,0,,https://alshola-almodea.com/assets/Products%20Img/LL-6012-RGB.png,Luna Luce Italia LL-6012-RGB Strip Light & Aluminium Profile,Luna Luce Italia LL-6012-RGB Strip Light & Aluminium Profile,Shop the premium Luna Luce Italia LL-6012-RGB Strip Light & Aluminium Profile. High-quality lighting solutions for modern spaces.
luna-luce-italia-ll-6002,Luna Luce Italia LL-6002 Strip Light & Aluminium Profile,"<h3>Why You'll Love It</h3><p>The Luna Luce Italia LL-6002 is a premium strip light & aluminium profile solution designed for modern architecture and design. Crafted with precision, it offers exceptional lighting quality and durability for various applications.</p><ul><li>High-quality LED technology</li><li>Modern and sleek design</li><li>Energy-efficient performance</li><li>Reliable Luna Luce Italia craftsmanship</li></ul><h3>Technical Specifications</h3><table><tr><td>Code</td><td>LL-6002</td></tr><tr><td>Category</td><td>Strip Light & Aluminium Profile</td></tr></table><p><b>Application Note:</b> Suitable for professional lighting installations in residential and commercial spaces.</p>",Luna Luce Italia,Strip Light & Aluminium Profile,"Luna Luce Italia, Strip Light & Aluminium Profile, LED, Lighting, Premium",active,Title,Default Title,,,LL-6002,0,,https://alshola-almodea.com/assets/Products%20Img/LL-6002.png,Luna Luce Italia LL-6002 Strip Light & Aluminium Profile,Luna Luce Italia LL-6002 Strip Light & Aluminium Profile,Shop the premium Luna Luce Italia LL-6002 Strip Light & Aluminium Profile. High-quality lighting solutions for modern spaces.
luna-luce-italia-ll-6002,,,,,,,,,,,,,,"https://alshola-almodea.com/assets/Products%20Img/LL-6002,1.png",,,
luna-luce-italia-ll-6002,,,,,,,,,,,,,,"https://alshola-almodea.com/assets/Products%20Img/LL-6002,2.png",,,
luna-luce-italia-ll-6014,Luna Luce Italia LL-6014 Strip Light & Aluminium Profile,"<h3>Why You'll Love It</h3><p>The Luna Luce Italia LL-6014 is a premium strip light & aluminium profile solution designed for modern architecture and design. Crafted with precision, it offers exceptional lighting quality and durability for various applications.</p><ul><li>High-quality LED technology</li><li>Modern and sleek design</li><li>Energy-efficient performance</li><li>Reliable Luna Luce Italia craftsmanship</li></ul><h3>Technical Specifications</h3><table><tr><td>Code</td><td>LL-6014</td></tr><tr><td>Category</td><td>Strip Light & Aluminium Profile</td></tr></table><p><b>Application Note:</b> Suitable for professional lighting installations in residential and commercial spaces.</p>",Luna Luce Italia,Strip Light & Aluminium Profile,"Luna Luce Italia, Strip Light & Aluminium Profile, LED, Lighting, Premium",active,Title,Default Title,,,LL-6014,0,,https://alshola-almodea.com/assets/Products%20Img/LL-6014.png,Luna Luce Italia LL-6014 Strip Light & Aluminium Profile,Luna Luce Italia LL-6014 Strip Light & Aluminium Profile,Shop the premium Luna Luce Italia LL-6014 Strip Light & Aluminium Profile. High-quality lighting solutions for modern spaces.
luna-luce-italia-ll-6014,,,,,,,,,,,,,,"https://alshola-almodea.com/assets/Products%20Img/LL-6014,1.png",,,
luna-luce-italia-ll-6014,,,,,,,,,,,,,,"https://alshola-almodea.com/assets/Products%20Img/LL-6014,2.png",,,
luna-luce-italia-alp-rec,Luna Luce Italia ALP-REC Strip Light & Aluminium Profile,"<h3>Why You'll Love It</h3><p>The Luna Luce Italia ALP-REC is a premium strip light & aluminium profile solution designed for modern architecture and design. Crafted with precision, it offers exceptional lighting quality and durability for various applications.</p><ul><li>High-quality LED technology</li><li>Modern and sleek design</li><li>Energy-efficient performance</li><li>Reliable Luna Luce Italia craftsmanship</li></ul><h3>Technical Specifications</h3><table><tr><td>Code</td><td>ALP-REC</td></tr><tr><td>Category</td><td>Strip Light & Aluminium Profile</td></tr></table><p><b>Application Note:</b> Suitable for professional lighting installations in residential and commercial spaces.</p>",Luna Luce Italia,Strip Light & Aluminium Profile,"Luna Luce Italia, Strip Light & Aluminium Profile, LED, Lighting, Premium",active,Title,Default Title,,,ALP-REC,0,,https://alshola-almodea.com/assets/Products%20Img/ALP-REC.png,Luna Luce Italia ALP-REC Strip Light & Aluminium Profile,Luna Luce Italia ALP-REC Strip Light & Aluminium Profile,Shop the premium Luna Luce Italia ALP-REC Strip Light & Aluminium Profile. High-quality lighting solutions for modern spaces.
luna-luce-italia-alp-rec,,,,,,,,,,,,,,"https://alshola-almodea.com/assets/Products%20Img/ALP-REC,1.png",,,
luna-luce-italia-alp-rec,,,,,,,,,,,,,,"https://alshola-almodea.com/assets/Products%20Img/ALP-REC,2.png",,,
luna-luce-italia-alp-sur,Luna Luce Italia ALP-SUR Strip Light & Aluminium Profile,"<h3>Why You'll Love It</h3><p>The Luna Luce Italia ALP-SUR is a premium strip light & aluminium profile solution designed for modern architecture and design. Crafted with precision, it offers exceptional lighting quality and durability for various applications.</p><ul><li>High-quality LED technology</li><li>Modern and sleek design</li><li>Energy-efficient performance</li><li>Reliable Luna Luce Italia craftsmanship</li></ul><h3>Technical Specifications</h3><table><tr><td>Code</td><td>ALP-SUR</td></tr><tr><td>Category</td><td>Strip Light & Aluminium Profile</td></tr></table><p><b>Application Note:</b> Suitable for professional lighting installations in residential and commercial spaces.</p>",Luna Luce Italia,Strip Light & Aluminium Profile,"Luna Luce Italia, Strip Light & Aluminium Profile, LED, Lighting, Premium",active,Title,Default Title,,,ALP-SUR,0,,https://alshola-almodea.com/assets/Products%20Img/ALP-SUR.png,Luna Luce Italia ALP-SUR Strip Light & Aluminium Profile,Luna Luce Italia ALP-SUR Strip Light & Aluminium Profile,Shop the premium Luna Luce Italia ALP-SUR Strip Light & Aluminium Profile. High-quality lighting solutions for modern spaces.
luna-luce-italia-alp-sur,,,,,,,,,,,,,,"https://alshola-almodea.com/assets/Products%20Img/ALP-SUR,1.png",,,
luna-luce-italia-alp-sur,,,,,,,,,,,,,,"https://alshola-almodea.com/assets/Products%20Img/ALP-SUR,2.png",,,
luna-luce-italia-alp-sur,,,,,,,,,,,,,,"https://alshola-almodea.com/assets/Products%20Img/ALP-SUR,3.png",,,
luna-luce-italia-alp-sur,,,,,,,,,,,,,,"https://alshola-almodea.com/assets/Products%20Img/ALP-SUR,4.png",,,
luna-luce-italia-alp-sur,,,,,,,,,,,,,,"https://alshola-almodea.com/assets/Products%20Img/ALP-SUR,5.png",,,
luna-luce-italia-alp-sur,,,,,,,,,,,,,,"https://alshola-almodea.com/assets/Products%20Img/ALP-SUR,6.png",,,
luna-luce-italia-ll-6020,Luna Luce Italia LL-6020 Strip Light & Aluminium Profile,"<h3>Why You'll Love It</h3><p>The Luna Luce Italia LL-6020 is a premium strip light & aluminium profile solution designed for modern architecture and design. Crafted with precision, it offers exceptional lighting quality and durability for various applications.</p><ul><li>High-quality LED technology</li><li>Modern and sleek design</li><li>Energy-efficient performance</li><li>Reliable Luna Luce Italia craftsmanship</li></ul><h3>Technical Specifications</h3><table><tr><td>Code</td><td>LL-6020</td></tr><tr><td>Category</td><td>Strip Light & Aluminium Profile</td></tr></table><p><b>Application Note:</b> Suitable for professional lighting installations in residential and commercial spaces.</p>",Luna Luce Italia,Strip Light & Aluminium Profile,"Luna Luce Italia, Strip Light & Aluminium Profile, LED, Lighting, Premium",active,Title,Default Title,,,LL-6020,0,,https://alshola-almodea.com/assets/Products%20Img/LL-6020.png,Luna Luce Italia LL-6020 Strip Light & Aluminium Profile,Luna Luce Italia LL-6020 Strip Light & Aluminium Profile,Shop the premium Luna Luce Italia LL-6020 Strip Light & Aluminium Profile. High-quality lighting solutions for modern spaces.
luna-luce-italia-ll-6020,,,,,,,,,,,,,,"https://alshola-almodea.com/assets/Products%20Img/LL-6020,1.png",,,
luna-luce-italia-ll-6020,,,,,,,,,,,,,,"https://alshola-almodea.com/assets/Products%20Img/LL-6020,2.png",,,
luna-luce-italia-ll-6020,,,,,,,,,,,,,,"https://alshola-almodea.com/assets/Products%20Img/LL-6020,3.jpg",,,
luna-luce-italia-ll-6005,Luna Luce Italia LL-6005 Strip Light & Aluminium Profile,"<h3>Why You'll Love It</h3><p>The Luna Luce Italia LL-6005 is a premium strip light & aluminium profile solution designed for modern architecture and design. Crafted with precision, it offers exceptional lighting quality and durability for various applications.</p><ul><li>High-quality LED technology</li><li>Modern and sleek design</li><li>Energy-efficient performance</li><li>Reliable Luna Luce Italia craftsmanship</li></ul><h3>Technical Specifications</h3><table><tr><td>Code</td><td>LL-6005</td></tr><tr><td>Category</td><td>Strip Light & Aluminium Profile</td></tr></table><p><b>Application Note:</b> Suitable for professional lighting installations in residential and commercial spaces.</p>",Luna Luce Italia,Strip Light & Aluminium Profile,"Luna Luce Italia, Strip Light & Aluminium Profile, LED, Lighting, Premium",active,Title,Default Title,,,LL-6005,0,,https://alshola-almodea.com/assets/Products%20Img/LL-6005.png,Luna Luce Italia LL-6005 Strip Light & Aluminium Profile,Luna Luce Italia LL-6005 Strip Light & Aluminium Profile,Shop the premium Luna Luce Italia LL-6005 Strip Light & Aluminium Profile. High-quality lighting solutions for modern spaces.
luna-luce-italia-ll-6005,,,,,,,,,,,,,,"https://alshola-almodea.com/assets/Products%20Img/LL-6005,1.png",,,
luna-luce-italia-ll-s304,Luna Luce Italia LL-S304 Mirror Light,"<h3>Why You'll Love It</h3><p>The Luna Luce Italia LL-S304 is a premium mirror light solution designed for modern architecture and design. Crafted with precision, it offers exceptional lighting quality and durability for various applications.</p><ul><li>High-quality LED technology</li><li>Modern and sleek design</li><li>Energy-efficient performance</li><li>Reliable Luna Luce Italia craftsmanship</li></ul><h3>Technical Specifications</h3><table><tr><td>Code</td><td>LL-S304</td></tr><tr><td>Category</td><td>Mirror Light</td></tr></table><p><b>Application Note:</b> Suitable for professional lighting installations in residential and commercial spaces.</p>",Luna Luce Italia,Mirror Light,"Luna Luce Italia, Mirror Light, LED, Lighting, Premium",active,Title,Default Title,,,LL-S304,0,,https://alshola-almodea.com/assets/Products%20Img/LL-S304.png,Luna Luce Italia LL-S304 Mirror Light,Luna Luce Italia LL-S304 Mirror Light,Shop the premium Luna Luce Italia LL-S304 Mirror Light. High-quality lighting solutions for modern spaces.
luna-luce-italia-ll-s304,,,,,,,,,,,,,,"https://alshola-almodea.com/assets/Products%20Img/LL-S304,1.png",,,
luna-luce-italia-ll-s304,,,,,,,,,,,,,,"https://alshola-almodea.com/assets/Products%20Img/LL-S304,2.png",,,
luna-luce-italia-ll-s304,,,,,,,,,,,,,,"https://alshola-almodea.com/assets/Products%20Img/LL-S304,3.png",,,
luna-luce-italia-ll-s304,,,,,,,,,,,,,,"https://alshola-almodea.com/assets/Products%20Img/LL-S304,4.png",,,
luna-luce-italia-ll-4612,Luna Luce Italia LL-4612 Mirror Light,"<h3>Why You'll Love It</h3><p>The Luna Luce Italia LL-4612 is a premium mirror light solution designed for modern architecture and design. Crafted with precision, it offers exceptional lighting quality and durability for various applications.</p><ul><li>High-quality LED technology</li><li>Modern and sleek design</li><li>Energy-efficient performance</li><li>Reliable Luna Luce Italia craftsmanship</li></ul><h3>Technical Specifications</h3><table><tr><td>Code</td><td>LL-4612</td></tr><tr><td>Category</td><td>Mirror Light</td></tr></table><p><b>Application Note:</b> Suitable for professional lighting installations in residential and commercial spaces.</p>",Luna Luce Italia,Mirror Light,"Luna Luce Italia, Mirror Light, LED, Lighting, Premium",active,Title,Default Title,,,LL-4612,0,,https://alshola-almodea.com/assets/Products%20Img/LL-4612.png,Luna Luce Italia LL-4612 Mirror Light,Luna Luce Italia LL-4612 Mirror Light,Shop the premium Luna Luce Italia LL-4612 Mirror Light. High-quality lighting solutions for modern spaces.
luna-luce-italia-ll-4612,,,,,,,,,,,,,,"https://alshola-almodea.com/assets/Products%20Img/LL-4612,1.png",,,
luna-luce-italia-ll-4612,,,,,,,,,,,,,,"https://alshola-almodea.com/assets/Products%20Img/LL-4612,2.png",,,
luna-luce-italia-ll-4612,,,,,,,,,,,,,,"https://alshola-almodea.com/assets/Products%20Img/LL-4612,3.png",,,
luna-luce-italia-ll-5512,Luna Luce Italia LL-5512 Mirror Light,"<h3>Why You'll Love It</h3><p>The Luna Luce Italia LL-5512 is a premium mirror light solution designed for modern architecture and design. Crafted with precision, it offers exceptional lighting quality and durability for various applications.</p><ul><li>High-quality LED technology</li><li>Modern and sleek design</li><li>Energy-efficient performance</li><li>Reliable Luna Luce Italia craftsmanship</li></ul><h3>Technical Specifications</h3><table><tr><td>Code</td><td>LL-5512</td></tr><tr><td>Category</td><td>Mirror Light</td></tr></table><p><b>Application Note:</b> Suitable for professional lighting installations in residential and commercial spaces.</p>",Luna Luce Italia,Mirror Light,"Luna Luce Italia, Mirror Light, LED, Lighting, Premium",active,Title,Default Title,,,LL-5512,0,,https://alshola-almodea.com/assets/Products%20Img/LL-5512.png,Luna Luce Italia LL-5512 Mirror Light,Luna Luce Italia LL-5512 Mirror Light,Shop the premium Luna Luce Italia LL-5512 Mirror Light. High-quality lighting solutions for modern spaces.
luna-luce-italia-ll-5512,,,,,,,,,,,,,,"https://alshola-almodea.com/assets/Products%20Img/LL-5512,1.png",,,
luna-luce-italia-ll-s303,Luna Luce Italia LL-S303 Mirror Light,"<h3>Why You'll Love It</h3><p>The Luna Luce Italia LL-S303 is a premium mirror light solution designed for modern architecture and design. Crafted with precision, it offers exceptional lighting quality and durability for various applications.</p><ul><li>High-quality LED technology</li><li>Modern and sleek design</li><li>Energy-efficient performance</li><li>Reliable Luna Luce Italia craftsmanship</li></ul><h3>Technical Specifications</h3><table><tr><td>Code</td><td>LL-S303</td></tr><tr><td>Category</td><td>Mirror Light</td></tr></table><p><b>Application Note:</b> Suitable for professional lighting installations in residential and commercial spaces.</p>",Luna Luce Italia,Mirror Light,"Luna Luce Italia, Mirror Light, LED, Lighting, Premium",active,Title,Default Title,,,LL-S303,0,,https://alshola-almodea.com/assets/Products%20Img/LL-S303.png,Luna Luce Italia LL-S303 Mirror Light,Luna Luce Italia LL-S303 Mirror Light,Shop the premium Luna Luce Italia LL-S303 Mirror Light. High-quality lighting solutions for modern spaces.
luna-luce-italia-ll-s303,,,,,,,,,,,,,,"https://alshola-almodea.com/assets/Products%20Img/LL-S303,1.png",,,
luna-luce-italia-ll-s303,,,,,,,,,,,,,,"https://alshola-almodea.com/assets/Products%20Img/LL-S303,2.png",,,
luna-luce-italia-ll-5210,Luna Luce Italia LL-5210 Track Light,"<h3>Why You'll Love It</h3><p>The Luna Luce Italia LL-5210 is a premium track light solution designed for modern architecture and design. Crafted with precision, it offers exceptional lighting quality and durability for various applications.</p><ul><li>High-quality LED technology</li><li>Modern and sleek design</li><li>Energy-efficient performance</li><li>Reliable Luna Luce Italia craftsmanship</li></ul><h3>Technical Specifications</h3><table><tr><td>Code</td><td>LL-5210</td></tr><tr><td>Category</td><td>Track Light</td></tr></table><p><b>Application Note:</b> Suitable for professional lighting installations in residential and commercial spaces.</p>",Luna Luce Italia,Track Light,"Luna Luce Italia, Track Light, LED, Lighting, Premium",active,Title,Default Title,,,LL-5210,0,,https://alshola-almodea.com/assets/Products%20Img/LL-5210.png,Luna Luce Italia LL-5210 Track Light,Luna Luce Italia LL-5210 Track Light,Shop the premium Luna Luce Italia LL-5210 Track Light. High-quality lighting solutions for modern spaces.
luna-luce-italia-ll-5211,Luna Luce Italia LL-5211 Track Light,"<h3>Why You'll Love It</h3><p>The Luna Luce Italia LL-5211 is a premium track light solution designed for modern architecture and design. Crafted with precision, it offers exceptional lighting quality and durability for various applications.</p><ul><li>High-quality LED technology</li><li>Modern and sleek design</li><li>Energy-efficient performance</li><li>Reliable Luna Luce Italia craftsmanship</li></ul><h3>Technical Specifications</h3><table><tr><td>Code</td><td>LL-5211</td></tr><tr><td>Category</td><td>Track Light</td></tr></table><p><b>Application Note:</b> Suitable for professional lighting installations in residential and commercial spaces.</p>",Luna Luce Italia,Track Light,"Luna Luce Italia, Track Light, LED, Lighting, Premium",active,Title,Default Title,,,LL-5211,0,,https://alshola-almodea.com/assets/Products%20Img/LL-5211.png,Luna Luce Italia LL-5211 Track Light,Luna Luce Italia LL-5211 Track Light,Shop the premium Luna Luce Italia LL-5211 Track Light. High-quality lighting solutions for modern spaces.
luna-luce-italia-ll-5211,,,,,,,,,,,,,,"https://alshola-almodea.com/assets/Products%20Img/LL-5211,1.png",,,
luna-luce-italia-ll-5310,Luna Luce Italia LL-5310 Track Light,"<h3>Why You'll Love It</h3><p>The Luna Luce Italia LL-5310 is a premium track light solution designed for modern architecture and design. Crafted with precision, it offers exceptional lighting quality and durability for various applications.</p><ul><li>High-quality LED technology</li><li>Modern and sleek design</li><li>Energy-efficient performance</li><li>Reliable Luna Luce Italia craftsmanship</li></ul><h3>Technical Specifications</h3><table><tr><td>Code</td><td>LL-5310</td></tr><tr><td>Category</td><td>Track Light</td></tr></table><p><b>Application Note:</b> Suitable for professional lighting installations in residential and commercial spaces.</p>",Luna Luce Italia,Track Light,"Luna Luce Italia, Track Light, LED, Lighting, Premium",active,Title,Default Title,,,LL-5310,0,,https://alshola-almodea.com/assets/Products%20Img/LL-5310.png,Luna Luce Italia LL-5310 Track Light,Luna Luce Italia LL-5310 Track Light,Shop the premium Luna Luce Italia LL-5310 Track Light. High-quality lighting solutions for modern spaces.
luna-luce-italia-ll-5310,,,,,,,,,,,,,,"https://alshola-almodea.com/assets/Products%20Img/LL-5310,1.png",,,
luna-luce-italia-ll-5310,,,,,,,,,,,,,,"https://alshola-almodea.com/assets/Products%20Img/LL-5310,3.jpg",,,
luna-luce-italia-ll-5311,Luna Luce Italia LL-5311 Track Light,"<h3>Why You'll Love It</h3><p>The Luna Luce Italia LL-5311 is a premium track light solution designed for modern architecture and design. Crafted with precision, it offers exceptional lighting quality and durability for various applications.</p><ul><li>High-quality LED technology</li><li>Modern and sleek design</li><li>Energy-efficient performance</li><li>Reliable Luna Luce Italia craftsmanship</li></ul><h3>Technical Specifications</h3><table><tr><td>Code</td><td>LL-5311</td></tr><tr><td>Category</td><td>Track Light</td></tr></table><p><b>Application Note:</b> Suitable for professional lighting installations in residential and commercial spaces.</p>",Luna Luce Italia,Track Light,"Luna Luce Italia, Track Light, LED, Lighting, Premium",active,Title,Default Title,,,LL-5311,0,,https://alshola-almodea.com/assets/Products%20Img/LL-5311.png,Luna Luce Italia LL-5311 Track Light,Luna Luce Italia LL-5311 Track Light,Shop the premium Luna Luce Italia LL-5311 Track Light. High-quality lighting solutions for modern spaces.
luna-luce-italia-ll-5410,Luna Luce Italia LL-5410 Track Light,"<h3>Why You'll Love It</h3><p>The Luna Luce Italia LL-5410 is a premium track light solution designed for modern architecture and design. Crafted with precision, it offers exceptional lighting quality and durability for various applications.</p><ul><li>High-quality LED technology</li><li>Modern and sleek design</li><li>Energy-efficient performance</li><li>Reliable Luna Luce Italia craftsmanship</li></ul><h3>Technical Specifications</h3><table><tr><td>Code</td><td>LL-5410</td></tr><tr><td>Category</td><td>Track Light</td></tr></table><p><b>Application Note:</b> Suitable for professional lighting installations in residential and commercial spaces.</p>",Luna Luce Italia,Track Light,"Luna Luce Italia, Track Light, LED, Lighting, Premium",active,Title,Default Title,,,LL-5410,0,,https://alshola-almodea.com/assets/Products%20Img/LL-5410.png,Luna Luce Italia LL-5410 Track Light,Luna Luce Italia LL-5410 Track Light,Shop the premium Luna Luce Italia LL-5410 Track Light. High-quality lighting solutions for modern spaces.
luna-luce-italia-ll-5410,,,,,,,,,,,,,,"https://alshola-almodea.com/assets/Products%20Img/LL-5410,1.png",,,
luna-luce-italia-ll-5410,,,,,,,,,,,,,,"https://alshola-almodea.com/assets/Products%20Img/LL-5410,2.png",,,
luna-luce-italia-ll-5410,,,,,,,,,,,,,,"https://alshola-almodea.com/assets/Products%20Img/LL-5410,3.png",,,
luna-luce-italia-ll-0102-s,Luna Luce Italia LL-0102-S Track Light,"<h3>Why You'll Love It</h3><p>The Luna Luce Italia LL-0102-S is a premium track light solution designed for modern architecture and design. Crafted with precision, it offers exceptional lighting quality and durability for various applications.</p><ul><li>High-quality LED technology</li><li>Modern and sleek design</li><li>Energy-efficient performance</li><li>Reliable Luna Luce Italia craftsmanship</li></ul><h3>Technical Specifications</h3><table><tr><td>Code</td><td>LL-0102-S</td></tr><tr><td>Category</td><td>Track Light</td></tr></table><p><b>Application Note:</b> Suitable for professional lighting installations in residential and commercial spaces.</p>",Luna Luce Italia,Track Light,"Luna Luce Italia, Track Light, LED, Lighting, Premium",active,Title,Default Title,,,LL-0102-S,0,,https://alshola-almodea.com/assets/Products%20Img/LL-0102-S.png,Luna Luce Italia LL-0102-S Track Light,Luna Luce Italia LL-0102-S Track Light,Shop the premium Luna Luce Italia LL-0102-S Track Light. High-quality lighting solutions for modern spaces.
luna-luce-italia-ll-0102-s,,,,,,,,,,,,,,"https://alshola-almodea.com/assets/Products%20Img/LL-0102-S,1.jpg",,,
luna-luce-italia-ll-0102,Luna Luce Italia LL-0102 Track Light,"<h3>Why You'll Love It</h3><p>The Luna Luce Italia LL-0102 is a premium track light solution designed for modern architecture and design. Crafted with precision, it offers exceptional lighting quality and durability for various applications.</p><ul><li>High-quality LED technology</li><li>Modern and sleek design</li><li>Energy-efficient performance</li><li>Reliable Luna Luce Italia craftsmanship</li></ul><h3>Technical Specifications</h3><table><tr><td>Code</td><td>LL-0102</td></tr><tr><td>Category</td><td>Track Light</td></tr></table><p><b>Application Note:</b> Suitable for professional lighting installations in residential and commercial spaces.</p>",Luna Luce Italia,Track Light,"Luna Luce Italia, Track Light, LED, Lighting, Premium",active,Title,Default Title,,,LL-0102,0,,https://alshola-almodea.com/assets/Products%20Img/LL-0102.png,Luna Luce Italia LL-0102 Track Light,Luna Luce Italia LL-0102 Track Light,Shop the premium Luna Luce Italia LL-0102 Track Light. High-quality lighting solutions for modern spaces.
luna-luce-italia-ll-0102,,,,,,,,,,,,,,"https://alshola-almodea.com/assets/Products%20Img/LL-0102,1.jpg",,,
luna-luce-italia-ll-5001,Luna Luce Italia LL-5001 Track Light,"<h3>Why You'll Love It</h3><p>The Luna Luce Italia LL-5001 is a premium track light solution designed for modern architecture and design. Crafted with precision, it offers exceptional lighting quality and durability for various applications.</p><ul><li>High-quality LED technology</li><li>Modern and sleek design</li><li>Energy-efficient performance</li><li>Reliable Luna Luce Italia craftsmanship</li></ul><h3>Technical Specifications</h3><table><tr><td>Code</td><td>LL-5001</td></tr><tr><td>Category</td><td>Track Light</td></tr></table><p><b>Application Note:</b> Suitable for professional lighting installations in residential and commercial spaces.</p>",Luna Luce Italia,Track Light,"Luna Luce Italia, Track Light, LED, Lighting, Premium",active,Title,Default Title,,,LL-5001,0,,https://alshola-almodea.com/assets/Products%20Img/LL-5001.png,Luna Luce Italia LL-5001 Track Light,Luna Luce Italia LL-5001 Track Light,Shop the premium Luna Luce Italia LL-5001 Track Light. High-quality lighting solutions for modern spaces.
luna-luce-italia-ll-5001,,,,,,,,,,,,,,"https://alshola-almodea.com/assets/Products%20Img/LL-5001,1.png",,,
luna-luce-italia-ll-5001,,,,,,,,,,,,,,"https://alshola-almodea.com/assets/Products%20Img/LL-5001,2.png",,,
luna-luce-italia-ll-5001,,,,,,,,,,,,,,"https://alshola-almodea.com/assets/Products%20Img/LL-5001,3.png",,,
luna-luce-italia-ll-310-1-sq,Luna Luce Italia LL-310-1-SQ Chandelier & Pendant,"<h3>Why You'll Love It</h3><p>The Luna Luce Italia LL-310-1-SQ is a premium chandelier & pendant solution designed for modern architecture and design. Crafted with precision, it offers exceptional lighting quality and durability for various applications.</p><ul><li>High-quality LED technology</li><li>Modern and sleek design</li><li>Energy-efficient performance</li><li>Reliable Luna Luce Italia craftsmanship</li></ul><h3>Technical Specifications</h3><table><tr><td>Code</td><td>LL-310-1-SQ</td></tr><tr><td>Category</td><td>Chandelier & Pendant</td></tr></table><p><b>Application Note:</b> Suitable for professional lighting installations in residential and commercial spaces.</p>",Luna Luce Italia,Chandelier & Pendant,"Luna Luce Italia, Chandelier & Pendant, LED, Lighting, Premium",active,Title,Default Title,,,LL-310-1-SQ,0,,https://alshola-almodea.com/assets/Products%20Img/LL-310-1-SQ.png,Luna Luce Italia LL-310-1-SQ Chandelier & Pendant,Luna Luce Italia LL-310-1-SQ Chandelier & Pendant,Shop the premium Luna Luce Italia LL-310-1-SQ Chandelier & Pendant. High-quality lighting solutions for modern spaces.
luna-luce-italia-ll-310-1-sq,,,,,,,,,,,,,,"https://alshola-almodea.com/assets/Products%20Img/LL-310-1-SQ,1.png",,,
luna-luce-italia-ll-310-1-sq,,,,,,,,,,,,,,"https://alshola-almodea.com/assets/Products%20Img/LL-310-1-SQ,2.png",,,
luna-luce-italia-ll-310-2-sq,Luna Luce Italia LL-310-2-SQ Chandelier & Pendant,"<h3>Why You'll Love It</h3><p>The Luna Luce Italia LL-310-2-SQ is a premium chandelier & pendant solution designed for modern architecture and design. Crafted with precision, it offers exceptional lighting quality and durability for various applications.</p><ul><li>High-quality LED technology</li><li>Modern and sleek design</li><li>Energy-efficient performance</li><li>Reliable Luna Luce Italia craftsmanship</li></ul><h3>Technical Specifications</h3><table><tr><td>Code</td><td>LL-310-2-SQ</td></tr><tr><td>Category</td><td>Chandelier & Pendant</td></tr></table><p><b>Application Note:</b> Suitable for professional lighting installations in residential and commercial spaces.</p>",Luna Luce Italia,Chandelier & Pendant,"Luna Luce Italia, Chandelier & Pendant, LED, Lighting, Premium",active,Title,Default Title,,,LL-310-2-SQ,0,,https://alshola-almodea.com/assets/Products%20Img/LL-310-2-SQ.png,Luna Luce Italia LL-310-2-SQ Chandelier & Pendant,Luna Luce Italia LL-310-2-SQ Chandelier & Pendant,Shop the premium Luna Luce Italia LL-310-2-SQ Chandelier & Pendant. High-quality lighting solutions for modern spaces.
luna-luce-italia-ll-310-2-sq,,,,,,,,,,,,,,"https://alshola-almodea.com/assets/Products%20Img/LL-310-2-SQ,1.png",,,
luna-luce-italia-ll-310-2-sq,,,,,,,,,,,,,,"https://alshola-almodea.com/assets/Products%20Img/LL-310-2-SQ,2.png",,,
luna-luce-italia-ll-310-2-sq,,,,,,,,,,,,,,"https://alshola-almodea.com/assets/Products%20Img/LL-310-2-SQ,4.png",,,
luna-luce-italia-ll-310-2-sq,,,,,,,,,,,,,,"https://alshola-almodea.com/assets/Products%20Img/LL-310-2-SQ,3.png",,,
luna-luce-italia-ll-310-2-sq,,,,,,,,,,,,,,"https://alshola-almodea.com/assets/Products%20Img/LL-310-2-SQ,5.png",,,
luna-luce-italia-ll-310-3-sq,Luna Luce Italia LL-310-3-SQ Chandelier & Pendant,"<h3>Why You'll Love It</h3><p>The Luna Luce Italia LL-310-3-SQ is a premium chandelier & pendant solution designed for modern architecture and design. Crafted with precision, it offers exceptional lighting quality and durability for various applications.</p><ul><li>High-quality LED technology</li><li>Modern and sleek design</li><li>Energy-efficient performance</li><li>Reliable Luna Luce Italia craftsmanship</li></ul><h3>Technical Specifications</h3><table><tr><td>Code</td><td>LL-310-3-SQ</td></tr><tr><td>Category</td><td>Chandelier & Pendant</td></tr></table><p><b>Application Note:</b> Suitable for professional lighting installations in residential and commercial spaces.</p>",Luna Luce Italia,Chandelier & Pendant,"Luna Luce Italia, Chandelier & Pendant, LED, Lighting, Premium",active,Title,Default Title,,,LL-310-3-SQ,0,,https://alshola-almodea.com/assets/Products%20Img/LL-310-3-SQ.png,Luna Luce Italia LL-310-3-SQ Chandelier & Pendant,Luna Luce Italia LL-310-3-SQ Chandelier & Pendant,Shop the premium Luna Luce Italia LL-310-3-SQ Chandelier & Pendant. High-quality lighting solutions for modern spaces.
luna-luce-italia-ll-310-3-sq,,,,,,,,,,,,,,"https://alshola-almodea.com/assets/Products%20Img/LL-310-3-SQ,1.png",,,
luna-luce-italia-ll-310-3-sq,,,,,,,,,,,,,,"https://alshola-almodea.com/assets/Products%20Img/LL-310-3-SQ,2.png",,,
luna-luce-italia-ll-2022,Luna Luce Italia LL-2022 Chandelier & Pendant,"<h3>Why You'll Love It</h3><p>The Luna Luce Italia LL-2022 is a premium chandelier & pendant solution designed for modern architecture and design. Crafted with precision, it offers exceptional lighting quality and durability for various applications.</p><ul><li>High-quality LED technology</li><li>Modern and sleek design</li><li>Energy-efficient performance</li><li>Reliable Luna Luce Italia craftsmanship</li></ul><h3>Technical Specifications</h3><table><tr><td>Code</td><td>LL-2022</td></tr><tr><td>Category</td><td>Chandelier & Pendant</td></tr></table><p><b>Application Note:</b> Suitable for professional lighting installations in residential and commercial spaces.</p>",Luna Luce Italia,Chandelier & Pendant,"Luna Luce Italia, Chandelier & Pendant, LED, Lighting, Premium",active,Title,Default Title,,,LL-2022,0,,https://alshola-almodea.com/assets/Products%20Img/LL-2022.png,Luna Luce Italia LL-2022 Chandelier & Pendant,Luna Luce Italia LL-2022 Chandelier & Pendant,Shop the premium Luna Luce Italia LL-2022 Chandelier & Pendant. High-quality lighting solutions for modern spaces.
luna-luce-italia-ll-2022,,,,,,,,,,,,,,"https://alshola-almodea.com/assets/Products%20Img/LL-2022,1.png",,,
luna-luce-italia-ll-2022,,,,,,,,,,,,,,"https://alshola-almodea.com/assets/Products%20Img/LL-2022,2.png",,,
luna-luce-italia-ll-2022,,,,,,,,,,,,,,"https://alshola-almodea.com/assets/Products%20Img/LL-2022,3.png",,,
luna-luce-italia-ll-310-1,Luna Luce Italia LL-310-1 Chandelier & Pendant,"<h3>Why You'll Love It</h3><p>The Luna Luce Italia LL-310-1 is a premium chandelier & pendant solution designed for modern architecture and design. Crafted with precision, it offers exceptional lighting quality and durability for various applications.</p><ul><li>High-quality LED technology</li><li>Modern and sleek design</li><li>Energy-efficient performance</li><li>Reliable Luna Luce Italia craftsmanship</li></ul><h3>Technical Specifications</h3><table><tr><td>Code</td><td>LL-310-1</td></tr><tr><td>Category</td><td>Chandelier & Pendant</td></tr></table><p><b>Application Note:</b> Suitable for professional lighting installations in residential and commercial spaces.</p>",Luna Luce Italia,Chandelier & Pendant,"Luna Luce Italia, Chandelier & Pendant, LED, Lighting, Premium",active,Title,Default Title,,,LL-310-1,0,,https://alshola-almodea.com/assets/Products%20Img/LL-310-1.png,Luna Luce Italia LL-310-1 Chandelier & Pendant,Luna Luce Italia LL-310-1 Chandelier & Pendant,Shop the premium Luna Luce Italia LL-310-1 Chandelier & Pendant. High-quality lighting solutions for modern spaces.
luna-luce-italia-ll-310-1,,,,,,,,,,,,,,"https://alshola-almodea.com/assets/Products%20Img/LL-310-1,1.png",,,
luna-luce-italia-ll-310-1,,,,,,,,,,,,,,"https://alshola-almodea.com/assets/Products%20Img/LL-310-1,2.png",,,
luna-luce-italia-ll-310-2-r,Luna Luce Italia LL-310-2-R Chandelier & Pendant,"<h3>Why You'll Love It</h3><p>The Luna Luce Italia LL-310-2-R is a premium chandelier & pendant solution designed for modern architecture and design. Crafted with precision, it offers exceptional lighting quality and durability for various applications.</p><ul><li>High-quality LED technology</li><li>Modern and sleek design</li><li>Energy-efficient performance</li><li>Reliable Luna Luce Italia craftsmanship</li></ul><h3>Technical Specifications</h3><table><tr><td>Code</td><td>LL-310-2-R</td></tr><tr><td>Category</td><td>Chandelier & Pendant</td></tr></table><p><b>Application Note:</b> Suitable for professional lighting installations in residential and commercial spaces.</p>",Luna Luce Italia,Chandelier & Pendant,"Luna Luce Italia, Chandelier & Pendant, LED, Lighting, Premium",active,Title,Default Title,,,LL-310-2-R,0,,https://alshola-almodea.com/assets/Products%20Img/LL-310-2-R.png,Luna Luce Italia LL-310-2-R Chandelier & Pendant,Luna Luce Italia LL-310-2-R Chandelier & Pendant,Shop the premium Luna Luce Italia LL-310-2-R Chandelier & Pendant. High-quality lighting solutions for modern spaces.
luna-luce-italia-ll-310-2-r,,,,,,,,,,,,,,"https://alshola-almodea.com/assets/Products%20Img/LL-310-2-R,1.jpg",,,
luna-luce-italia-ll-310-2-r,,,,,,,,,,,,,,"https://alshola-almodea.com/assets/Products%20Img/LL-310-2-R,2.jpg",,,
luna-luce-italia-ll-310-2-r,,,,,,,,,,,,,,"https://alshola-almodea.com/assets/Products%20Img/LL-310-2-R,3.png",,,
luna-luce-italia-ll-310-3-r,Luna Luce Italia LL-310-3-R Chandelier & Pendant,"<h3>Why You'll Love It</h3><p>The Luna Luce Italia LL-310-3-R is a premium chandelier & pendant solution designed for modern architecture and design. Crafted with precision, it offers exceptional lighting quality and durability for various applications.</p><ul><li>High-quality LED technology</li><li>Modern and sleek design</li><li>Energy-efficient performance</li><li>Reliable Luna Luce Italia craftsmanship</li></ul><h3>Technical Specifications</h3><table><tr><td>Code</td><td>LL-310-3-R</td></tr><tr><td>Category</td><td>Chandelier & Pendant</td></tr></table><p><b>Application Note:</b> Suitable for professional lighting installations in residential and commercial spaces.</p>",Luna Luce Italia,Chandelier & Pendant,"Luna Luce Italia, Chandelier & Pendant, LED, Lighting, Premium",active,Title,Default Title,,,LL-310-3-R,0,,https://alshola-almodea.com/assets/Products%20Img/LL-310-3-R.png,Luna Luce Italia LL-310-3-R Chandelier & Pendant,Luna Luce Italia LL-310-3-R Chandelier & Pendant,Shop the premium Luna Luce Italia LL-310-3-R Chandelier & Pendant. High-quality lighting solutions for modern spaces.
luna-luce-italia-ll-310-3-r,,,,,,,,,,,,,,"https://alshola-almodea.com/assets/Products%20Img/LL-310-3-R,1.png",,,
luna-luce-italia-ll-310-3-r,,,,,,,,,,,,,,"https://alshola-almodea.com/assets/Products%20Img/LL-310-3-R,2.webp",,,
luna-luce-italia-ll-310-3-r,,,,,,,,,,,,,,"https://alshola-almodea.com/assets/Products%20Img/LL-310-3-R,3.webp",,,
luna-luce-italia-ll-313,Luna Luce Italia LL-313 Chandelier & Pendant,"<h3>Why You'll Love It</h3><p>The Luna Luce Italia LL-313 is a premium chandelier & pendant solution designed for modern architecture and design. Crafted with precision, it offers exceptional lighting quality and durability for various applications.</p><ul><li>High-quality LED technology</li><li>Modern and sleek design</li><li>Energy-efficient performance</li><li>Reliable Luna Luce Italia craftsmanship</li></ul><h3>Technical Specifications</h3><table><tr><td>Code</td><td>LL-313</td></tr><tr><td>Category</td><td>Chandelier & Pendant</td></tr></table><p><b>Application Note:</b> Suitable for professional lighting installations in residential and commercial spaces.</p>",Luna Luce Italia,Chandelier & Pendant,"Luna Luce Italia, Chandelier & Pendant, LED, Lighting, Premium",active,Title,Default Title,,,LL-313,0,,https://alshola-almodea.com/assets/Products%20Img/LL-313.png,Luna Luce Italia LL-313 Chandelier & Pendant,Luna Luce Italia LL-313 Chandelier & Pendant,Shop the premium Luna Luce Italia LL-313 Chandelier & Pendant. High-quality lighting solutions for modern spaces.
luna-luce-italia-ll-313,,,,,,,,,,,,,,"https://alshola-almodea.com/assets/Products%20Img/LL-313,1.jpg",,,
luna-luce-italia-ll-4637,Luna Luce Italia LL-4637 Chandelier & Pendant,"<h3>Why You'll Love It</h3><p>The Luna Luce Italia LL-4637 is a premium chandelier & pendant solution designed for modern architecture and design. Crafted with precision, it offers exceptional lighting quality and durability for various applications.</p><ul><li>High-quality LED technology</li><li>Modern and sleek design</li><li>Energy-efficient performance</li><li>Reliable Luna Luce Italia craftsmanship</li></ul><h3>Technical Specifications</h3><table><tr><td>Code</td><td>LL-4637</td></tr><tr><td>Category</td><td>Chandelier & Pendant</td></tr></table><p><b>Application Note:</b> Suitable for professional lighting installations in residential and commercial spaces.</p>",Luna Luce Italia,Chandelier & Pendant,"Luna Luce Italia, Chandelier & Pendant, LED, Lighting, Premium",active,Title,Default Title,,,LL-4637,0,,https://alshola-almodea.com/assets/Products%20Img/LL-4637.png,Luna Luce Italia LL-4637 Chandelier & Pendant,Luna Luce Italia LL-4637 Chandelier & Pendant,Shop the premium Luna Luce Italia LL-4637 Chandelier & Pendant. High-quality lighting solutions for modern spaces.
luna-luce-italia-ll-4637,,,,,,,,,,,,,,"https://alshola-almodea.com/assets/Products%20Img/LL-4637,1.jpg",,,
luna-luce-italia-ll-4637,,,,,,,,,,,,,,"https://alshola-almodea.com/assets/Products%20Img/LL-4637,2.jpg",,,
luna-luce-italia-ll-4609,Luna Luce Italia LL-4609 Chandelier & Pendant,"<h3>Why You'll Love It</h3><p>The Luna Luce Italia LL-4609 is a premium chandelier & pendant solution designed for modern architecture and design. Crafted with precision, it offers exceptional lighting quality and durability for various applications.</p><ul><li>High-quality LED technology</li><li>Modern and sleek design</li><li>Energy-efficient performance</li><li>Reliable Luna Luce Italia craftsmanship</li></ul><h3>Technical Specifications</h3><table><tr><td>Code</td><td>LL-4609</td></tr><tr><td>Category</td><td>Chandelier & Pendant</td></tr></table><p><b>Application Note:</b> Suitable for professional lighting installations in residential and commercial spaces.</p>",Luna Luce Italia,Chandelier & Pendant,"Luna Luce Italia, Chandelier & Pendant, LED, Lighting, Premium",active,Title,Default Title,,,LL-4609,0,,https://alshola-almodea.com/assets/Products%20Img/LL-4609.png,Luna Luce Italia LL-4609 Chandelier & Pendant,Luna Luce Italia LL-4609 Chandelier & Pendant,Shop the premium Luna Luce Italia LL-4609 Chandelier & Pendant. High-quality lighting solutions for modern spaces.
luna-luce-italia-ll-4636,Luna Luce Italia LL-4636 Chandelier & Pendant,"<h3>Why You'll Love It</h3><p>The Luna Luce Italia LL-4636 is a premium chandelier & pendant solution designed for modern architecture and design. Crafted with precision, it offers exceptional lighting quality and durability for various applications.</p><ul><li>High-quality LED technology</li><li>Modern and sleek design</li><li>Energy-efficient performance</li><li>Reliable Luna Luce Italia craftsmanship</li></ul><h3>Technical Specifications</h3><table><tr><td>Code</td><td>LL-4636</td></tr><tr><td>Category</td><td>Chandelier & Pendant</td></tr></table><p><b>Application Note:</b> Suitable for professional lighting installations in residential and commercial spaces.</p>",Luna Luce Italia,Chandelier & Pendant,"Luna Luce Italia, Chandelier & Pendant, LED, Lighting, Premium",active,Title,Default Title,,,LL-4636,0,,https://alshola-almodea.com/assets/Products%20Img/LL-4636.png,Luna Luce Italia LL-4636 Chandelier & Pendant,Luna Luce Italia LL-4636 Chandelier & Pendant,Shop the premium Luna Luce Italia LL-4636 Chandelier & Pendant. High-quality lighting solutions for modern spaces.
luna-luce-italia-ll-5565,Luna Luce Italia LL-5565 Chandelier & Pendant,"<h3>Why You'll Love It</h3><p>The Luna Luce Italia LL-5565 is a premium chandelier & pendant solution designed for modern architecture and design. Crafted with precision, it offers exceptional lighting quality and durability for various applications.</p><ul><li>High-quality LED technology</li><li>Modern and sleek design</li><li>Energy-efficient performance</li><li>Reliable Luna Luce Italia craftsmanship</li></ul><h3>Technical Specifications</h3><table><tr><td>Code</td><td>LL-5565</td></tr><tr><td>Category</td><td>Chandelier & Pendant</td></tr></table><p><b>Application Note:</b> Suitable for professional lighting installations in residential and commercial spaces.</p>",Luna Luce Italia,Chandelier & Pendant,"Luna Luce Italia, Chandelier & Pendant, LED, Lighting, Premium",active,Title,Default Title,,,LL-5565,0,,https://alshola-almodea.com/assets/Products%20Img/LL-5565.png,Luna Luce Italia LL-5565 Chandelier & Pendant,Luna Luce Italia LL-5565 Chandelier & Pendant,Shop the premium Luna Luce Italia LL-5565 Chandelier & Pendant. High-quality lighting solutions for modern spaces.
luna-luce-italia-ll-4586-3,Luna Luce Italia LL-4586-3 Chandelier & Pendant,"<h3>Why You'll Love It</h3><p>The Luna Luce Italia LL-4586-3 is a premium chandelier & pendant solution designed for modern architecture and design. Crafted with precision, it offers exceptional lighting quality and durability for various applications.</p><ul><li>High-quality LED technology</li><li>Modern and sleek design</li><li>Energy-efficient performance</li><li>Reliable Luna Luce Italia craftsmanship</li></ul><h3>Technical Specifications</h3><table><tr><td>Code</td><td>LL-4586-3</td></tr><tr><td>Category</td><td>Chandelier & Pendant</td></tr></table><p><b>Application Note:</b> Suitable for professional lighting installations in residential and commercial spaces.</p>",Luna Luce Italia,Chandelier & Pendant,"Luna Luce Italia, Chandelier & Pendant, LED, Lighting, Premium",active,Title,Default Title,,,LL-4586-3,0,,https://alshola-almodea.com/assets/Products%20Img/LL-4586-3.png,Luna Luce Italia LL-4586-3 Chandelier & Pendant,Luna Luce Italia LL-4586-3 Chandelier & Pendant,Shop the premium Luna Luce Italia LL-4586-3 Chandelier & Pendant. High-quality lighting solutions for modern spaces.
luna-luce-italia-ll-4586-3,,,,,,,,,,,,,,"https://alshola-almodea.com/assets/Products%20Img/LL-4586-3,1.png",,,
luna-luce-italia-ll-4596-3,Luna Luce Italia LL-4596-3 Chandelier & Pendant,"<h3>Why You'll Love It</h3><p>The Luna Luce Italia LL-4596-3 is a premium chandelier & pendant solution designed for modern architecture and design. Crafted with precision, it offers exceptional lighting quality and durability for various applications.</p><ul><li>High-quality LED technology</li><li>Modern and sleek design</li><li>Energy-efficient performance</li><li>Reliable Luna Luce Italia craftsmanship</li></ul><h3>Technical Specifications</h3><table><tr><td>Code</td><td>LL-4596-3</td></tr><tr><td>Category</td><td>Chandelier & Pendant</td></tr></table><p><b>Application Note:</b> Suitable for professional lighting installations in residential and commercial spaces.</p>",Luna Luce Italia,Chandelier & Pendant,"Luna Luce Italia, Chandelier & Pendant, LED, Lighting, Premium",active,Title,Default Title,,,LL-4596-3,0,,https://alshola-almodea.com/assets/Products%20Img/LL-4596-3.png,Luna Luce Italia LL-4596-3 Chandelier & Pendant,Luna Luce Italia LL-4596-3 Chandelier & Pendant,Shop the premium Luna Luce Italia LL-4596-3 Chandelier & Pendant. High-quality lighting solutions for modern spaces.
luna-luce-italia-ll-4596-3,,,,,,,,,,,,,,"https://alshola-almodea.com/assets/Products%20Img/LL-4596-3,1.png",,,
luna-luce-italia-ll-4597-3,Luna Luce Italia LL-4597-3 Chandelier & Pendant,"<h3>Why You'll Love It</h3><p>The Luna Luce Italia LL-4597-3 is a premium chandelier & pendant solution designed for modern architecture and design. Crafted with precision, it offers exceptional lighting quality and durability for various applications.</p><ul><li>High-quality LED technology</li><li>Modern and sleek design</li><li>Energy-efficient performance</li><li>Reliable Luna Luce Italia craftsmanship</li></ul><h3>Technical Specifications</h3><table><tr><td>Code</td><td>LL-4597-3</td></tr><tr><td>Category</td><td>Chandelier & Pendant</td></tr></table><p><b>Application Note:</b> Suitable for professional lighting installations in residential and commercial spaces.</p>",Luna Luce Italia,Chandelier & Pendant,"Luna Luce Italia, Chandelier & Pendant, LED, Lighting, Premium",active,Title,Default Title,,,LL-4597-3,0,,https://alshola-almodea.com/assets/Products%20Img/LL-4597-3.png,Luna Luce Italia LL-4597-3 Chandelier & Pendant,Luna Luce Italia LL-4597-3 Chandelier & Pendant,Shop the premium Luna Luce Italia LL-4597-3 Chandelier & Pendant. High-quality lighting solutions for modern spaces.
luna-luce-italia-ll-4597-3,,,,,,,,,,,,,,"https://alshola-almodea.com/assets/Products%20Img/LL-4597-3,1.png",,,
luna-luce-italia-ll-212,Luna Luce Italia LL-212 Industrial Light,"<h3>Why You'll Love It</h3><p>The Luna Luce Italia LL-212 is a premium industrial light solution designed for modern architecture and design. Crafted with precision, it offers exceptional lighting quality and durability for various applications.</p><ul><li>High-quality LED technology</li><li>Modern and sleek design</li><li>Energy-efficient performance</li><li>Reliable Luna Luce Italia craftsmanship</li></ul><h3>Technical Specifications</h3><table><tr><td>Code</td><td>LL-212</td></tr><tr><td>Category</td><td>Industrial Light</td></tr></table><p><b>Application Note:</b> Suitable for professional lighting installations in residential and commercial spaces.</p>",Luna Luce Italia,Industrial Light,"Luna Luce Italia, Industrial Light, LED, Lighting, Premium",active,Title,Default Title,,,LL-212,0,,https://alshola-almodea.com/assets/Products%20Img/LL-212.png,Luna Luce Italia LL-212 Industrial Light,Luna Luce Italia LL-212 Industrial Light,Shop the premium Luna Luce Italia LL-212 Industrial Light. High-quality lighting solutions for modern spaces.
luna-luce-italia-ll-212,,,,,,,,,,,,,,"https://alshola-almodea.com/assets/Products%20Img/LL-212,1.png",,,
luna-luce-italia-ll-212,,,,,,,,,,,,,,"https://alshola-almodea.com/assets/Products%20Img/LL-212,2.png",,,
luna-luce-italia-ll-212,,,,,,,,,,,,,,"https://alshola-almodea.com/assets/Products%20Img/LL-212,3.png",,,
luna-luce-italia-ll-222,Luna Luce Italia LL-222 Industrial Light,"<h3>Why You'll Love It</h3><p>The Luna Luce Italia LL-222 is a premium industrial light solution designed for modern architecture and design. Crafted with precision, it offers exceptional lighting quality and durability for various applications.</p><ul><li>High-quality LED technology</li><li>Modern and sleek design</li><li>Energy-efficient performance</li><li>Reliable Luna Luce Italia craftsmanship</li></ul><h3>Technical Specifications</h3><table><tr><td>Code</td><td>LL-222</td></tr><tr><td>Category</td><td>Industrial Light</td></tr></table><p><b>Application Note:</b> Suitable for professional lighting installations in residential and commercial spaces.</p>",Luna Luce Italia,Industrial Light,"Luna Luce Italia, Industrial Light, LED, Lighting, Premium",active,Title,Default Title,,,LL-222,0,,https://alshola-almodea.com/assets/Products%20Img/LL-222.png,Luna Luce Italia LL-222 Industrial Light,Luna Luce Italia LL-222 Industrial Light,Shop the premium Luna Luce Italia LL-222 Industrial Light. High-quality lighting solutions for modern spaces.
luna-luce-italia-ll-222,,,,,,,,,,,,,,"https://alshola-almodea.com/assets/Products%20Img/LL-222,1.jpg",,,
luna-luce-italia-ll-8001,Luna Luce Italia LL-8001 Industrial Light,"<h3>Why You'll Love It</h3><p>The Luna Luce Italia LL-8001 is a premium industrial light solution designed for modern architecture and design. Crafted with precision, it offers exceptional lighting quality and durability for various applications.</p><ul><li>High-quality LED technology</li><li>Modern and sleek design</li><li>Energy-efficient performance</li><li>Reliable Luna Luce Italia craftsmanship</li></ul><h3>Technical Specifications</h3><table><tr><td>Code</td><td>LL-8001</td></tr><tr><td>Category</td><td>Industrial Light</td></tr></table><p><b>Application Note:</b> Suitable for professional lighting installations in residential and commercial spaces.</p>",Luna Luce Italia,Industrial Light,"Luna Luce Italia, Industrial Light, LED, Lighting, Premium",active,Title,Default Title,,,LL-8001,0,,https://alshola-almodea.com/assets/Products%20Img/LL-8001.png,Luna Luce Italia LL-8001 Industrial Light,Luna Luce Italia LL-8001 Industrial Light,Shop the premium Luna Luce Italia LL-8001 Industrial Light. High-quality lighting solutions for modern spaces.
luna-luce-italia-ll-8002,Luna Luce Italia LL-8002 Industrial Light,"<h3>Why You'll Love It</h3><p>The Luna Luce Italia LL-8002 is a premium industrial light solution designed for modern architecture and design. Crafted with precision, it offers exceptional lighting quality and durability for various applications.</p><ul><li>High-quality LED technology</li><li>Modern and sleek design</li><li>Energy-efficient performance</li><li>Reliable Luna Luce Italia craftsmanship</li></ul><h3>Technical Specifications</h3><table><tr><td>Code</td><td>LL-8002</td></tr><tr><td>Category</td><td>Industrial Light</td></tr></table><p><b>Application Note:</b> Suitable for professional lighting installations in residential and commercial spaces.</p>",Luna Luce Italia,Industrial Light,"Luna Luce Italia, Industrial Light, LED, Lighting, Premium",active,Title,Default Title,,,LL-8002,0,,https://alshola-almodea.com/assets/Products%20Img/LL-8002.png,Luna Luce Italia LL-8002 Industrial Light,Luna Luce Italia LL-8002 Industrial Light,Shop the premium Luna Luce Italia LL-8002 Industrial Light. High-quality lighting solutions for modern spaces.
luna-luce-italia-ll-8003,Luna Luce Italia LL-8003 Industrial Light,"<h3>Why You'll Love It</h3><p>The Luna Luce Italia LL-8003 is a premium industrial light solution designed for modern architecture and design. Crafted with precision, it offers exceptional lighting quality and durability for various applications.</p><ul><li>High-quality LED technology</li><li>Modern and sleek design</li><li>Energy-efficient performance</li><li>Reliable Luna Luce Italia craftsmanship</li></ul><h3>Technical Specifications</h3><table><tr><td>Code</td><td>LL-8003</td></tr><tr><td>Category</td><td>Industrial Light</td></tr></table><p><b>Application Note:</b> Suitable for professional lighting installations in residential and commercial spaces.</p>",Luna Luce Italia,Industrial Light,"Luna Luce Italia, Industrial Light, LED, Lighting, Premium",active,Title,Default Title,,,LL-8003,0,,https://alshola-almodea.com/assets/Products%20Img/LL-8003.png,Luna Luce Italia LL-8003 Industrial Light,Luna Luce Italia LL-8003 Industrial Light,Shop the premium Luna Luce Italia LL-8003 Industrial Light. High-quality lighting solutions for modern spaces.
luna-luce-italia-ll-8003,,,,,,,,,,,,,,"https://alshola-almodea.com/assets/Products%20Img/LL-8003,1.png",,,
luna-luce-italia-ll-bt-22,Luna Luce Italia LL-BT-22 Industrial Light,"<h3>Why You'll Love It</h3><p>The Luna Luce Italia LL-BT-22 is a premium industrial light solution designed for modern architecture and design. Crafted with precision, it offers exceptional lighting quality and durability for various applications.</p><ul><li>High-quality LED technology</li><li>Modern and sleek design</li><li>Energy-efficient performance</li><li>Reliable Luna Luce Italia craftsmanship</li></ul><h3>Technical Specifications</h3><table><tr><td>Code</td><td>LL-BT-22</td></tr><tr><td>Category</td><td>Industrial Light</td></tr></table><p><b>Application Note:</b> Suitable for professional lighting installations in residential and commercial spaces.</p>",Luna Luce Italia,Industrial Light,"Luna Luce Italia, Industrial Light, LED, Lighting, Premium",active,Title,Default Title,,,LL-BT-22,0,,https://alshola-almodea.com/assets/Products%20Img/LL-BT-22.png,Luna Luce Italia LL-BT-22 Industrial Light,Luna Luce Italia LL-BT-22 Industrial Light,Shop the premium Luna Luce Italia LL-BT-22 Industrial Light. High-quality lighting solutions for modern spaces.
luna-luce-italia-ll-bt-22,,,,,,,,,,,,,,"https://alshola-almodea.com/assets/Products%20Img/LL-BT-22,1.png",,,
luna-luce-italia-ll-bt-22,,,,,,,,,,,,,,"https://alshola-almodea.com/assets/Products%20Img/LL-BT-22,2.png",,,
luna-luce-italia-ll-4503,Luna Luce Italia LL-4503 External Light,"<h3>Why You'll Love It</h3><p>The Luna Luce Italia LL-4503 is a premium external light solution designed for modern architecture and design. Crafted with precision, it offers exceptional lighting quality and durability for various applications.</p><ul><li>High-quality LED technology</li><li>Modern and sleek design</li><li>Energy-efficient performance</li><li>Reliable Luna Luce Italia craftsmanship</li></ul><h3>Technical Specifications</h3><table><tr><td>Code</td><td>LL-4503</td></tr><tr><td>Category</td><td>External Light</td></tr></table><p><b>Application Note:</b> Suitable for professional lighting installations in residential and commercial spaces.</p>",Luna Luce Italia,External Light,"Luna Luce Italia, External Light, LED, Lighting, Premium",active,Title,Default Title,,,LL-4503,0,,https://alshola-almodea.com/assets/Products%20Img/LL-4503.png,Luna Luce Italia LL-4503 External Light,Luna Luce Italia LL-4503 External Light,Shop the premium Luna Luce Italia LL-4503 External Light. High-quality lighting solutions for modern spaces.
luna-luce-italia-ll-4506,Luna Luce Italia LL-4506 External Light,"<h3>Why You'll Love It</h3><p>The Luna Luce Italia LL-4506 is a premium external light solution designed for modern architecture and design. Crafted with precision, it offers exceptional lighting quality and durability for various applications.</p><ul><li>High-quality LED technology</li><li>Modern and sleek design</li><li>Energy-efficient performance</li><li>Reliable Luna Luce Italia craftsmanship</li></ul><h3>Technical Specifications</h3><table><tr><td>Code</td><td>LL-4506</td></tr><tr><td>Category</td><td>External Light</td></tr></table><p><b>Application Note:</b> Suitable for professional lighting installations in residential and commercial spaces.</p>",Luna Luce Italia,External Light,"Luna Luce Italia, External Light, LED, Lighting, Premium",active,Title,Default Title,,,LL-4506,0,,https://alshola-almodea.com/assets/Products%20Img/LL-4506.png,Luna Luce Italia LL-4506 External Light,Luna Luce Italia LL-4506 External Light,Shop the premium Luna Luce Italia LL-4506 External Light. High-quality lighting solutions for modern spaces.
luna-luce-italia-ll-4506,,,,,,,,,,,,,,"https://alshola-almodea.com/assets/Products%20Img/LL-4506,1.png",,,
luna-luce-italia-ll-4506,,,,,,,,,,,,,,"https://alshola-almodea.com/assets/Products%20Img/LL-4506,2.png",,,
luna-luce-italia-ll-4506,,,,,,,,,,,,,,"https://alshola-almodea.com/assets/Products%20Img/LL-4506,3.png",,,
luna-luce-italia-ll-4506,,,,,,,,,,,,,,"https://alshola-almodea.com/assets/Products%20Img/LL-4506,4.png",,,
luna-luce-italia-ll-4581-r,Luna Luce Italia LL-4581-R External Light,"<h3>Why You'll Love It</h3><p>The Luna Luce Italia LL-4581-R is a premium external light solution designed for modern architecture and design. Crafted with precision, it offers exceptional lighting quality and durability for various applications.</p><ul><li>High-quality LED technology</li><li>Modern and sleek design</li><li>Energy-efficient performance</li><li>Reliable Luna Luce Italia craftsmanship</li></ul><h3>Technical Specifications</h3><table><tr><td>Code</td><td>LL-4581-R</td></tr><tr><td>Category</td><td>External Light</td></tr></table><p><b>Application Note:</b> Suitable for professional lighting installations in residential and commercial spaces.</p>",Luna Luce Italia,External Light,"Luna Luce Italia, External Light, LED, Lighting, Premium",active,Title,Default Title,,,LL-4581-R,0,,"https://alshola-almodea.com/assets/Products%20Img/LL-4581-R,1.png",Luna Luce Italia LL-4581-R External Light,Luna Luce Italia LL-4581-R External Light,Shop the premium Luna Luce Italia LL-4581-R External Light. High-quality lighting solutions for modern spaces.
luna-luce-italia-ll-4581-r,,,,,,,,,,,,,,"https://alshola-almodea.com/assets/Products%20Img/LL-4581-R,2.png",,,
luna-luce-italia-ll-4581-r,,,,,,,,,,,,,,"https://alshola-almodea.com/assets/Products%20Img/LL-4581-R,3.webp",,,
luna-luce-italia-ll-4581-r,,,,,,,,,,,,,,"https://alshola-almodea.com/assets/Products%20Img/LL-4581-R,4.png",,,
luna-luce-italia-ll-4581-s,Luna Luce Italia LL-4581-S External Light,"<h3>Why You'll Love It</h3><p>The Luna Luce Italia LL-4581-S is a premium external light solution designed for modern architecture and design. Crafted with precision, it offers exceptional lighting quality and durability for various applications.</p><ul><li>High-quality LED technology</li><li>Modern and sleek design</li><li>Energy-efficient performance</li><li>Reliable Luna Luce Italia craftsmanship</li></ul><h3>Technical Specifications</h3><table><tr><td>Code</td><td>LL-4581-S</td></tr><tr><td>Category</td><td>External Light</td></tr></table><p><b>Application Note:</b> Suitable for professional lighting installations in residential and commercial spaces.</p>",Luna Luce Italia,External Light,"Luna Luce Italia, External Light, LED, Lighting, Premium",active,Title,Default Title,,,LL-4581-S,0,,https://alshola-almodea.com/assets/Products%20Img/LL-4581-S.png,Luna Luce Italia LL-4581-S External Light,Luna Luce Italia LL-4581-S External Light,Shop the premium Luna Luce Italia LL-4581-S External Light. High-quality lighting solutions for modern spaces.
luna-luce-italia-ll-4582-r,Luna Luce Italia LL-4582-R External Light,"<h3>Why You'll Love It</h3><p>The Luna Luce Italia LL-4582-R is a premium external light solution designed for modern architecture and design. Crafted with precision, it offers exceptional lighting quality and durability for various applications.</p><ul><li>High-quality LED technology</li><li>Modern and sleek design</li><li>Energy-efficient performance</li><li>Reliable Luna Luce Italia craftsmanship</li></ul><h3>Technical Specifications</h3><table><tr><td>Code</td><td>LL-4582-R</td></tr><tr><td>Category</td><td>External Light</td></tr></table><p><b>Application Note:</b> Suitable for professional lighting installations in residential and commercial spaces.</p>",Luna Luce Italia,External Light,"Luna Luce Italia, External Light, LED, Lighting, Premium",active,Title,Default Title,,,LL-4582-R,0,,https://alshola-almodea.com/assets/Products%20Img/LL-4582-R.png,Luna Luce Italia LL-4582-R External Light,Luna Luce Italia LL-4582-R External Light,Shop the premium Luna Luce Italia LL-4582-R External Light. High-quality lighting solutions for modern spaces.
luna-luce-italia-ll-4582-r,,,,,,,,,,,,,,"https://alshola-almodea.com/assets/Products%20Img/LL-4582-R,1.png",,,
luna-luce-italia-ll-4582-r,,,,,,,,,,,,,,"https://alshola-almodea.com/assets/Products%20Img/LL-4582-R,3.png",,,
luna-luce-italia-ll-4582-r,,,,,,,,,,,,,,"https://alshola-almodea.com/assets/Products%20Img/LL-4582-R,5.png",,,
luna-luce-italia-ll-4582-r,,,,,,,,,,,,,,"https://alshola-almodea.com/assets/Products%20Img/LL-4582-R,2.png",,,
luna-luce-italia-ll-4582-r,,,,,,,,,,,,,,"https://alshola-almodea.com/assets/Products%20Img/LL-4582-R,4.png",,,
luna-luce-italia-ll-544,Luna Luce Italia LL-544 External Light,"<h3>Why You'll Love It</h3><p>The Luna Luce Italia LL-544 is a premium external light solution designed for modern architecture and design. Crafted with precision, it offers exceptional lighting quality and durability for various applications.</p><ul><li>High-quality LED technology</li><li>Modern and sleek design</li><li>Energy-efficient performance</li><li>Reliable Luna Luce Italia craftsmanship</li></ul><h3>Technical Specifications</h3><table><tr><td>Code</td><td>LL-544</td></tr><tr><td>Category</td><td>External Light</td></tr></table><p><b>Application Note:</b> Suitable for professional lighting installations in residential and commercial spaces.</p>",Luna Luce Italia,External Light,"Luna Luce Italia, External Light, LED, Lighting, Premium",active,Title,Default Title,,,LL-544,0,,https://alshola-almodea.com/assets/Products%20Img/LL-544.png,Luna Luce Italia LL-544 External Light,Luna Luce Italia LL-544 External Light,Shop the premium Luna Luce Italia LL-544 External Light. High-quality lighting solutions for modern spaces.
luna-luce-italia-ll-544,,,,,,,,,,,,,,"https://alshola-almodea.com/assets/Products%20Img/LL-544,1.png",,,
luna-luce-italia-ll-663,Luna Luce Italia LL-663 External Light,"<h3>Why You'll Love It</h3><p>The Luna Luce Italia LL-663 is a premium external light solution designed for modern architecture and design. Crafted with precision, it offers exceptional lighting quality and durability for various applications.</p><ul><li>High-quality LED technology</li><li>Modern and sleek design</li><li>Energy-efficient performance</li><li>Reliable Luna Luce Italia craftsmanship</li></ul><h3>Technical Specifications</h3><table><tr><td>Code</td><td>LL-663</td></tr><tr><td>Category</td><td>External Light</td></tr></table><p><b>Application Note:</b> Suitable for professional lighting installations in residential and commercial spaces.</p>",Luna Luce Italia,External Light,"Luna Luce Italia, External Light, LED, Lighting, Premium",active,Title,Default Title,,,LL-663,0,,https://alshola-almodea.com/assets/Products%20Img/LL-663.webp,Luna Luce Italia LL-663 External Light,Luna Luce Italia LL-663 External Light,Shop the premium Luna Luce Italia LL-663 External Light. High-quality lighting solutions for modern spaces.
luna-luce-italia-ll-663,,,,,,,,,,,,,,"https://alshola-almodea.com/assets/Products%20Img/LL-663,2.png",,,
luna-luce-italia-ll-663,,,,,,,,,,,,,,"https://alshola-almodea.com/assets/Products%20Img/LL-663,6.webp",,,
luna-luce-italia-ll-663,,,,,,,,,,,,,,"https://alshola-almodea.com/assets/Products%20Img/LL-663,1.png",,,
luna-luce-italia-ll-663,,,,,,,,,,,,,,"https://alshola-almodea.com/assets/Products%20Img/LL-663,4.webp",,,
luna-luce-italia-ll-663,,,,,,,,,,,,,,"https://alshola-almodea.com/assets/Products%20Img/LL-663,3.png",,,
luna-luce-italia-ll-690,Luna Luce Italia LL-690 External Light,"<h3>Why You'll Love It</h3><p>The Luna Luce Italia LL-690 is a premium external light solution designed for modern architecture and design. Crafted with precision, it offers exceptional lighting quality and durability for various applications.</p><ul><li>High-quality LED technology</li><li>Modern and sleek design</li><li>Energy-efficient performance</li><li>Reliable Luna Luce Italia craftsmanship</li></ul><h3>Technical Specifications</h3><table><tr><td>Code</td><td>LL-690</td></tr><tr><td>Category</td><td>External Light</td></tr></table><p><b>Application Note:</b> Suitable for professional lighting installations in residential and commercial spaces.</p>",Luna Luce Italia,External Light,"Luna Luce Italia, External Light, LED, Lighting, Premium",active,Title,Default Title,,,LL-690,0,,https://alshola-almodea.com/assets/Products%20Img/LL-690.png,Luna Luce Italia LL-690 External Light,Luna Luce Italia LL-690 External Light,Shop the premium Luna Luce Italia LL-690 External Light. High-quality lighting solutions for modern spaces.
luna-luce-italia-ll-692,Luna Luce Italia LL-692 External Light,"<h3>Why You'll Love It</h3><p>The Luna Luce Italia LL-692 is a premium external light solution designed for modern architecture and design. Crafted with precision, it offers exceptional lighting quality and durability for various applications.</p><ul><li>High-quality LED technology</li><li>Modern and sleek design</li><li>Energy-efficient performance</li><li>Reliable Luna Luce Italia craftsmanship</li></ul><h3>Technical Specifications</h3><table><tr><td>Code</td><td>LL-692</td></tr><tr><td>Category</td><td>External Light</td></tr></table><p><b>Application Note:</b> Suitable for professional lighting installations in residential and commercial spaces.</p>",Luna Luce Italia,External Light,"Luna Luce Italia, External Light, LED, Lighting, Premium",active,Title,Default Title,,,LL-692,0,,https://alshola-almodea.com/assets/Products%20Img/LL-692.png,Luna Luce Italia LL-692 External Light,Luna Luce Italia LL-692 External Light,Shop the premium Luna Luce Italia LL-692 External Light. High-quality lighting solutions for modern spaces.
luna-luce-italia-ll-692,,,,,,,,,,,,,,"https://alshola-almodea.com/assets/Products%20Img/LL-692,1.png",,,
luna-luce-italia-ll-692,,,,,,,,,,,,,,"https://alshola-almodea.com/assets/Products%20Img/LL-692,2.png",,,
luna-luce-italia-ll-1621,Luna Luce Italia LL-1621 External Light,"<h3>Why You'll Love It</h3><p>The Luna Luce Italia LL-1621 is a premium external light solution designed for modern architecture and design. Crafted with precision, it offers exceptional lighting quality and durability for various applications.</p><ul><li>High-quality LED technology</li><li>Modern and sleek design</li><li>Energy-efficient performance</li><li>Reliable Luna Luce Italia craftsmanship</li></ul><h3>Technical Specifications</h3><table><tr><td>Code</td><td>LL-1621</td></tr><tr><td>Category</td><td>External Light</td></tr></table><p><b>Application Note:</b> Suitable for professional lighting installations in residential and commercial spaces.</p>",Luna Luce Italia,External Light,"Luna Luce Italia, External Light, LED, Lighting, Premium",active,Title,Default Title,,,LL-1621,0,,https://alshola-almodea.com/assets/Products%20Img/LL-1621.png,Luna Luce Italia LL-1621 External Light,Luna Luce Italia LL-1621 External Light,Shop the premium Luna Luce Italia LL-1621 External Light. High-quality lighting solutions for modern spaces.
luna-luce-italia-ll-4582-s,Luna Luce Italia LL-4582-S External Light,"<h3>Why You'll Love It</h3><p>The Luna Luce Italia LL-4582-S is a premium external light solution designed for modern architecture and design. Crafted with precision, it offers exceptional lighting quality and durability for various applications.</p><ul><li>High-quality LED technology</li><li>Modern and sleek design</li><li>Energy-efficient performance</li><li>Reliable Luna Luce Italia craftsmanship</li></ul><h3>Technical Specifications</h3><table><tr><td>Code</td><td>LL-4582-S</td></tr><tr><td>Category</td><td>External Light</td></tr></table><p><b>Application Note:</b> Suitable for professional lighting installations in residential and commercial spaces.</p>",Luna Luce Italia,External Light,"Luna Luce Italia, External Light, LED, Lighting, Premium",active,Title,Default Title,,,LL-4582-S,0,,https://alshola-almodea.com/assets/Products%20Img/LL-4582-S.png,Luna Luce Italia LL-4582-S External Light,Luna Luce Italia LL-4582-S External Light,Shop the premium Luna Luce Italia LL-4582-S External Light. High-quality lighting solutions for modern spaces.
luna-luce-italia-ll-4582-s,,,,,,,,,,,,,,"https://alshola-almodea.com/assets/Products%20Img/LL-4582-S,1.png",,,
luna-luce-italia-ll-4582-s,,,,,,,,,,,,,,"https://alshola-almodea.com/assets/Products%20Img/LL-4582-S,2.jpg",,,
luna-luce-italia-ll-4582-s,,,,,,,,,,,,,,"https://alshola-almodea.com/assets/Products%20Img/LL-4582-S,3.png",,,
luna-luce-italia-ll-4583-1,Luna Luce Italia LL-4583-1 External Light,"<h3>Why You'll Love It</h3><p>The Luna Luce Italia LL-4583-1 is a premium external light solution designed for modern architecture and design. Crafted with precision, it offers exceptional lighting quality and durability for various applications.</p><ul><li>High-quality LED technology</li><li>Modern and sleek design</li><li>Energy-efficient performance</li><li>Reliable Luna Luce Italia craftsmanship</li></ul><h3>Technical Specifications</h3><table><tr><td>Code</td><td>LL-4583-1</td></tr><tr><td>Category</td><td>External Light</td></tr></table><p><b>Application Note:</b> Suitable for professional lighting installations in residential and commercial spaces.</p>",Luna Luce Italia,External Light,"Luna Luce Italia, External Light, LED, Lighting, Premium",active,Title,Default Title,,,LL-4583-1,0,,https://alshola-almodea.com/assets/Products%20Img/LL-4583-1.png,Luna Luce Italia LL-4583-1 External Light,Luna Luce Italia LL-4583-1 External Light,Shop the premium Luna Luce Italia LL-4583-1 External Light. High-quality lighting solutions for modern spaces.
luna-luce-italia-ll-4583-2,Luna Luce Italia LL-4583-2 External Light,"<h3>Why You'll Love It</h3><p>The Luna Luce Italia LL-4583-2 is a premium external light solution designed for modern architecture and design. Crafted with precision, it offers exceptional lighting quality and durability for various applications.</p><ul><li>High-quality LED technology</li><li>Modern and sleek design</li><li>Energy-efficient performance</li><li>Reliable Luna Luce Italia craftsmanship</li></ul><h3>Technical Specifications</h3><table><tr><td>Code</td><td>LL-4583-2</td></tr><tr><td>Category</td><td>External Light</td></tr></table><p><b>Application Note:</b> Suitable for professional lighting installations in residential and commercial spaces.</p>",Luna Luce Italia,External Light,"Luna Luce Italia, External Light, LED, Lighting, Premium",active,Title,Default Title,,,LL-4583-2,0,,https://alshola-almodea.com/assets/Products%20Img/LL-4583-2.png,Luna Luce Italia LL-4583-2 External Light,Luna Luce Italia LL-4583-2 External Light,Shop the premium Luna Luce Italia LL-4583-2 External Light. High-quality lighting solutions for modern spaces.
luna-luce-italia-ll-4583-2,,,,,,,,,,,,,,"https://alshola-almodea.com/assets/Products%20Img/LL-4583-2,1.png",,,
luna-luce-italia-ll-4583-2,,,,,,,,,,,,,,"https://alshola-almodea.com/assets/Products%20Img/LL-4583-2,2.jpg",,,
luna-luce-italia-ll-4584-1,Luna Luce Italia LL-4584-1 External Light,"<h3>Why You'll Love It</h3><p>The Luna Luce Italia LL-4584-1 is a premium external light solution designed for modern architecture and design. Crafted with precision, it offers exceptional lighting quality and durability for various applications.</p><ul><li>High-quality LED technology</li><li>Modern and sleek design</li><li>Energy-efficient performance</li><li>Reliable Luna Luce Italia craftsmanship</li></ul><h3>Technical Specifications</h3><table><tr><td>Code</td><td>LL-4584-1</td></tr><tr><td>Category</td><td>External Light</td></tr></table><p><b>Application Note:</b> Suitable for professional lighting installations in residential and commercial spaces.</p>",Luna Luce Italia,External Light,"Luna Luce Italia, External Light, LED, Lighting, Premium",active,Title,Default Title,,,LL-4584-1,0,,"https://alshola-almodea.com/assets/Products%20Img/LL-4584-1,1.png",Luna Luce Italia LL-4584-1 External Light,Luna Luce Italia LL-4584-1 External Light,Shop the premium Luna Luce Italia LL-4584-1 External Light. High-quality lighting solutions for modern spaces.
luna-luce-italia-ll-4584-1,,,,,,,,,,,,,,"https://alshola-almodea.com/assets/Products%20Img/LL-4584-1,2.png",,,
luna-luce-italia-ll-4584-1,,,,,,,,,,,,,,"https://alshola-almodea.com/assets/Products%20Img/LL-4584-1,4.jpg",,,
luna-luce-italia-ll-4584-2,Luna Luce Italia LL-4584-2 External Light,"<h3>Why You'll Love It</h3><p>The Luna Luce Italia LL-4584-2 is a premium external light solution designed for modern architecture and design. Crafted with precision, it offers exceptional lighting quality and durability for various applications.</p><ul><li>High-quality LED technology</li><li>Modern and sleek design</li><li>Energy-efficient performance</li><li>Reliable Luna Luce Italia craftsmanship</li></ul><h3>Technical Specifications</h3><table><tr><td>Code</td><td>LL-4584-2</td></tr><tr><td>Category</td><td>External Light</td></tr></table><p><b>Application Note:</b> Suitable for professional lighting installations in residential and commercial spaces.</p>",Luna Luce Italia,External Light,"Luna Luce Italia, External Light, LED, Lighting, Premium",active,Title,Default Title,,,LL-4584-2,0,,https://alshola-almodea.com/assets/Products%20Img/LL-4584-2.png,Luna Luce Italia LL-4584-2 External Light,Luna Luce Italia LL-4584-2 External Light,Shop the premium Luna Luce Italia LL-4584-2 External Light. High-quality lighting solutions for modern spaces.
luna-luce-italia-ll-555,Luna Luce Italia LL-555 External Light,"<h3>Why You'll Love It</h3><p>The Luna Luce Italia LL-555 is a premium external light solution designed for modern architecture and design. Crafted with precision, it offers exceptional lighting quality and durability for various applications.</p><ul><li>High-quality LED technology</li><li>Modern and sleek design</li><li>Energy-efficient performance</li><li>Reliable Luna Luce Italia craftsmanship</li></ul><h3>Technical Specifications</h3><table><tr><td>Code</td><td>LL-555</td></tr><tr><td>Category</td><td>External Light</td></tr></table><p><b>Application Note:</b> Suitable for professional lighting installations in residential and commercial spaces.</p>",Luna Luce Italia,External Light,"Luna Luce Italia, External Light, LED, Lighting, Premium",active,Title,Default Title,,,LL-555,0,,https://alshola-almodea.com/assets/Products%20Img/LL-555.png,Luna Luce Italia LL-555 External Light,Luna Luce Italia LL-555 External Light,Shop the premium Luna Luce Italia LL-555 External Light. High-quality lighting solutions for modern spaces.
luna-luce-italia-ll-4507,Luna Luce Italia LL-4507 External Light,"<h3>Why You'll Love It</h3><p>The Luna Luce Italia LL-4507 is a premium external light solution designed for modern architecture and design. Crafted with precision, it offers exceptional lighting quality and durability for various applications.</p><ul><li>High-quality LED technology</li><li>Modern and sleek design</li><li>Energy-efficient performance</li><li>Reliable Luna Luce Italia craftsmanship</li></ul><h3>Technical Specifications</h3><table><tr><td>Code</td><td>LL-4507</td></tr><tr><td>Category</td><td>External Light</td></tr></table><p><b>Application Note:</b> Suitable for professional lighting installations in residential and commercial spaces.</p>",Luna Luce Italia,External Light,"Luna Luce Italia, External Light, LED, Lighting, Premium",active,Title,Default Title,,,LL-4507,0,,https://alshola-almodea.com/assets/Products%20Img/LL-4507.png,Luna Luce Italia LL-4507 External Light,Luna Luce Italia LL-4507 External Light,Shop the premium Luna Luce Italia LL-4507 External Light. High-quality lighting solutions for modern spaces.
luna-luce-italia-ll-4507,,,,,,,,,,,,,,"https://alshola-almodea.com/assets/Products%20Img/LL-4507,1.png",,,
luna-luce-italia-ll-4585,Luna Luce Italia LL-4585 External Light,"<h3>Why You'll Love It</h3><p>The Luna Luce Italia LL-4585 is a premium external light solution designed for modern architecture and design. Crafted with precision, it offers exceptional lighting quality and durability for various applications.</p><ul><li>High-quality LED technology</li><li>Modern and sleek design</li><li>Energy-efficient performance</li><li>Reliable Luna Luce Italia craftsmanship</li></ul><h3>Technical Specifications</h3><table><tr><td>Code</td><td>LL-4585</td></tr><tr><td>Category</td><td>External Light</td></tr></table><p><b>Application Note:</b> Suitable for professional lighting installations in residential and commercial spaces.</p>",Luna Luce Italia,External Light,"Luna Luce Italia, External Light, LED, Lighting, Premium",active,Title,Default Title,,,LL-4585,0,,https://alshola-almodea.com/assets/Products%20Img/LL-4585.png,Luna Luce Italia LL-4585 External Light,Luna Luce Italia LL-4585 External Light,Shop the premium Luna Luce Italia LL-4585 External Light. High-quality lighting solutions for modern spaces.
luna-luce-italia-ll-4585,,,,,,,,,,,,,,"https://alshola-almodea.com/assets/Products%20Img/LL-4585,1.png",,,
luna-luce-italia-ll-4585,,,,,,,,,,,,,,"https://alshola-almodea.com/assets/Products%20Img/LL-4585,2.png",,,
luna-luce-italia-ll-4585,,,,,,,,,,,,,,"https://alshola-almodea.com/assets/Products%20Img/LL-4585,3.png",,,
luna-luce-italia-ll-4585,,,,,,,,,,,,,,"https://alshola-almodea.com/assets/Products%20Img/LL-4585,4.png",,,
luna-luce-italia-ll-4489,Luna Luce Italia LL-4489 External Light,"<h3>Why You'll Love It</h3><p>The Luna Luce Italia LL-4489 is a premium external light solution designed for modern architecture and design. Crafted with precision, it offers exceptional lighting quality and durability for various applications.</p><ul><li>High-quality LED technology</li><li>Modern and sleek design</li><li>Energy-efficient performance</li><li>Reliable Luna Luce Italia craftsmanship</li></ul><h3>Technical Specifications</h3><table><tr><td>Code</td><td>LL-4489</td></tr><tr><td>Category</td><td>External Light</td></tr></table><p><b>Application Note:</b> Suitable for professional lighting installations in residential and commercial spaces.</p>",Luna Luce Italia,External Light,"Luna Luce Italia, External Light, LED, Lighting, Premium",active,Title,Default Title,,,LL-4489,0,,https://alshola-almodea.com/assets/Products%20Img/LL-4489.png,Luna Luce Italia LL-4489 External Light,Luna Luce Italia LL-4489 External Light,Shop the premium Luna Luce Italia LL-4489 External Light. High-quality lighting solutions for modern spaces.
luna-luce-italia-ll-4489,,,,,,,,,,,,,,"https://alshola-almodea.com/assets/Products%20Img/LL-4489,1.jpg",,,
luna-luce-italia-ll-4489,,,,,,,,,,,,,,"https://alshola-almodea.com/assets/Products%20Img/LL-4489,2.jpg",,,
luna-luce-italia-ll-4489,,,,,,,,,,,,,,"https://alshola-almodea.com/assets/Products%20Img/LL-4489,3.jpg",,,
luna-luce-italia-ll-693,Luna Luce Italia LL-693 External Light,"<h3>Why You'll Love It</h3><p>The Luna Luce Italia LL-693 is a premium external light solution designed for modern architecture and design. Crafted with precision, it offers exceptional lighting quality and durability for various applications.</p><ul><li>High-quality LED technology</li><li>Modern and sleek design</li><li>Energy-efficient performance</li><li>Reliable Luna Luce Italia craftsmanship</li></ul><h3>Technical Specifications</h3><table><tr><td>Code</td><td>LL-693</td></tr><tr><td>Category</td><td>External Light</td></tr></table><p><b>Application Note:</b> Suitable for professional lighting installations in residential and commercial spaces.</p>",Luna Luce Italia,External Light,"Luna Luce Italia, External Light, LED, Lighting, Premium",active,Title,Default Title,,,LL-693,0,,https://alshola-almodea.com/assets/Products%20Img/LL-693.png,Luna Luce Italia LL-693 External Light,Luna Luce Italia LL-693 External Light,Shop the premium Luna Luce Italia LL-693 External Light. High-quality lighting solutions for modern spaces.
luna-luce-italia-ll-693,,,,,,,,,,,,,,"https://alshola-almodea.com/assets/Products%20Img/LL-693,1.png",,,
luna-luce-italia-ll-693,,,,,,,,,,,,,,"https://alshola-almodea.com/assets/Products%20Img/LL-693,2.png",,,
luna-luce-italia-ll-693,,,,,,,,,,,,,,"https://alshola-almodea.com/assets/Products%20Img/LL-693,3.png",,,
luna-luce-italia-ll-693,,,,,,,,,,,,,,"https://alshola-almodea.com/assets/Products%20Img/LL-693,5.jpg",,,
luna-luce-italia-ll-693,,,,,,,,,,,,,,"https://alshola-almodea.com/assets/Products%20Img/LL-693,4.jpg",,,
luna-luce-italia-ll-4512,Luna Luce Italia LL-4512 External Light,"<h3>Why You'll Love It</h3><p>The Luna Luce Italia LL-4512 is a premium external light solution designed for modern architecture and design. Crafted with precision, it offers exceptional lighting quality and durability for various applications.</p><ul><li>High-quality LED technology</li><li>Modern and sleek design</li><li>Energy-efficient performance</li><li>Reliable Luna Luce Italia craftsmanship</li></ul><h3>Technical Specifications</h3><table><tr><td>Code</td><td>LL-4512</td></tr><tr><td>Category</td><td>External Light</td></tr></table><p><b>Application Note:</b> Suitable for professional lighting installations in residential and commercial spaces.</p>",Luna Luce Italia,External Light,"Luna Luce Italia, External Light, LED, Lighting, Premium",active,Title,Default Title,,,LL-4512,0,,https://alshola-almodea.com/assets/Products%20Img/LL-4512.png,Luna Luce Italia LL-4512 External Light,Luna Luce Italia LL-4512 External Light,Shop the premium Luna Luce Italia LL-4512 External Light. High-quality lighting solutions for modern spaces.
luna-luce-italia-ll-4512,,,,,,,,,,,,,,"https://alshola-almodea.com/assets/Products%20Img/LL-4512,1.png",,,
luna-luce-italia-ll-4407,Luna Luce Italia LL-4407 Pole & Bollard Light,"<h3>Why You'll Love It</h3><p>The Luna Luce Italia LL-4407 is a premium pole & bollard light solution designed for modern architecture and design. Crafted with precision, it offers exceptional lighting quality and durability for various applications.</p><ul><li>High-quality LED technology</li><li>Modern and sleek design</li><li>Energy-efficient performance</li><li>Reliable Luna Luce Italia craftsmanship</li></ul><h3>Technical Specifications</h3><table><tr><td>Code</td><td>LL-4407</td></tr><tr><td>Category</td><td>Pole & Bollard Light</td></tr></table><p><b>Application Note:</b> Suitable for professional lighting installations in residential and commercial spaces.</p>",Luna Luce Italia,Pole & Bollard Light,"Luna Luce Italia, Pole & Bollard Light, LED, Lighting, Premium",active,Title,Default Title,,,LL-4407,0,,https://alshola-almodea.com/assets/Products%20Img/BL-LL-4407.png,Luna Luce Italia LL-4407 Pole & Bollard Light,Luna Luce Italia LL-4407 Pole & Bollard Light,Shop the premium Luna Luce Italia LL-4407 Pole & Bollard Light. High-quality lighting solutions for modern spaces.
luna-luce-italia-ll-4407,,,,,,,,,,,,,,"https://alshola-almodea.com/assets/Products%20Img/BL-LL-4407,1.png",,,
luna-luce-italia-ll-4407,,,,,,,,,,,,,,"https://alshola-almodea.com/assets/Products%20Img/LL-4407,1.png",,,
luna-luce-italia-ll-4407,,,,,,,,,,,,,,"https://alshola-almodea.com/assets/Products%20Img/BL-LL-4407,2.png",,,
luna-luce-italia-ll-4407,,,,,,,,,,,,,,"https://alshola-almodea.com/assets/Products%20Img/LL-4407,2.png",,,
luna-luce-italia-bl-ll-4408,Luna Luce Italia BL-LL-4408 Pole & Bollard Light,"<h3>Why You'll Love It</h3><p>The Luna Luce Italia BL-LL-4408 is a premium pole & bollard light solution designed for modern architecture and design. Crafted with precision, it offers exceptional lighting quality and durability for various applications.</p><ul><li>High-quality LED technology</li><li>Modern and sleek design</li><li>Energy-efficient performance</li><li>Reliable Luna Luce Italia craftsmanship</li></ul><h3>Technical Specifications</h3><table><tr><td>Code</td><td>BL-LL-4408</td></tr><tr><td>Category</td><td>Pole & Bollard Light</td></tr></table><p><b>Application Note:</b> Suitable for professional lighting installations in residential and commercial spaces.</p>",Luna Luce Italia,Pole & Bollard Light,"Luna Luce Italia, Pole & Bollard Light, LED, Lighting, Premium",active,Title,Default Title,,,BL-LL-4408,0,,https://alshola-almodea.com/assets/Products%20Img/BL-LL-4408.png,Luna Luce Italia BL-LL-4408 Pole & Bollard Light,Luna Luce Italia BL-LL-4408 Pole & Bollard Light,Shop the premium Luna Luce Italia BL-LL-4408 Pole & Bollard Light. High-quality lighting solutions for modern spaces.
luna-luce-italia-ll-4400,Luna Luce Italia LL-4400 Pole & Bollard Light,"<h3>Why You'll Love It</h3><p>The Luna Luce Italia LL-4400 is a premium pole & bollard light solution designed for modern architecture and design. Crafted with precision, it offers exceptional lighting quality and durability for various applications.</p><ul><li>High-quality LED technology</li><li>Modern and sleek design</li><li>Energy-efficient performance</li><li>Reliable Luna Luce Italia craftsmanship</li></ul><h3>Technical Specifications</h3><table><tr><td>Code</td><td>LL-4400</td></tr><tr><td>Category</td><td>Pole & Bollard Light</td></tr></table><p><b>Application Note:</b> Suitable for professional lighting installations in residential and commercial spaces.</p>",Luna Luce Italia,Pole & Bollard Light,"Luna Luce Italia, Pole & Bollard Light, LED, Lighting, Premium",active,Title,Default Title,,,LL-4400,0,,https://alshola-almodea.com/assets/Products%20Img/LL-4400.png,Luna Luce Italia LL-4400 Pole & Bollard Light,Luna Luce Italia LL-4400 Pole & Bollard Light,Shop the premium Luna Luce Italia LL-4400 Pole & Bollard Light. High-quality lighting solutions for modern spaces.
luna-luce-italia-ll-4400,,,,,,,,,,,,,,"https://alshola-almodea.com/assets/Products%20Img/LL-4400,1.png",,,
luna-luce-italia-ll-4403,Luna Luce Italia LL-4403 Pole & Bollard Light,"<h3>Why You'll Love It</h3><p>The Luna Luce Italia LL-4403 is a premium pole & bollard light solution designed for modern architecture and design. Crafted with precision, it offers exceptional lighting quality and durability for various applications.</p><ul><li>High-quality LED technology</li><li>Modern and sleek design</li><li>Energy-efficient performance</li><li>Reliable Luna Luce Italia craftsmanship</li></ul><h3>Technical Specifications</h3><table><tr><td>Code</td><td>LL-4403</td></tr><tr><td>Category</td><td>Pole & Bollard Light</td></tr></table><p><b>Application Note:</b> Suitable for professional lighting installations in residential and commercial spaces.</p>",Luna Luce Italia,Pole & Bollard Light,"Luna Luce Italia, Pole & Bollard Light, LED, Lighting, Premium",active,Title,Default Title,,,LL-4403,0,,https://alshola-almodea.com/assets/Products%20Img/LL-4403.png,Luna Luce Italia LL-4403 Pole & Bollard Light,Luna Luce Italia LL-4403 Pole & Bollard Light,Shop the premium Luna Luce Italia LL-4403 Pole & Bollard Light. High-quality lighting solutions for modern spaces.
luna-luce-italia-ll-4403,,,,,,,,,,,,,,"https://alshola-almodea.com/assets/Products%20Img/LL-4403,1.png",,,
luna-luce-italia-ll-4403,,,,,,,,,,,,,,"https://alshola-almodea.com/assets/Products%20Img/LL-4403,2.png",,,
luna-luce-italia-ll-4403,,,,,,,,,,,,,,"https://alshola-almodea.com/assets/Products%20Img/LL-4403,3.png",,,
luna-luce-italia-ll-4403,,,,,,,,,,,,,,"https://alshola-almodea.com/assets/Products%20Img/LL-4403,4.png",,,
luna-luce-italia-ll-4404,Luna Luce Italia LL-4404 Pole & Bollard Light,"<h3>Why You'll Love It</h3><p>The Luna Luce Italia LL-4404 is a premium pole & bollard light solution designed for modern architecture and design. Crafted with precision, it offers exceptional lighting quality and durability for various applications.</p><ul><li>High-quality LED technology</li><li>Modern and sleek design</li><li>Energy-efficient performance</li><li>Reliable Luna Luce Italia craftsmanship</li></ul><h3>Technical Specifications</h3><table><tr><td>Code</td><td>LL-4404</td></tr><tr><td>Category</td><td>Pole & Bollard Light</td></tr></table><p><b>Application Note:</b> Suitable for professional lighting installations in residential and commercial spaces.</p>",Luna Luce Italia,Pole & Bollard Light,"Luna Luce Italia, Pole & Bollard Light, LED, Lighting, Premium",active,Title,Default Title,,,LL-4404,0,,https://alshola-almodea.com/assets/Products%20Img/LL-4404.png,Luna Luce Italia LL-4404 Pole & Bollard Light,Luna Luce Italia LL-4404 Pole & Bollard Light,Shop the premium Luna Luce Italia LL-4404 Pole & Bollard Light. High-quality lighting solutions for modern spaces.
luna-luce-italia-ll-4404,,,,,,,,,,,,,,"https://alshola-almodea.com/assets/Products%20Img/LL-4404,1.png",,,
luna-luce-italia-ll-4404,,,,,,,,,,,,,,"https://alshola-almodea.com/assets/Products%20Img/LL-4404,2.png",,,
luna-luce-italia-ll-4404,,,,,,,,,,,,,,"https://alshola-almodea.com/assets/Products%20Img/LL-4404,3.png",,,
luna-luce-italia-ll-4405,Luna Luce Italia LL-4405 Pole & Bollard Light,"<h3>Why You'll Love It</h3><p>The Luna Luce Italia LL-4405 is a premium pole & bollard light solution designed for modern architecture and design. Crafted with precision, it offers exceptional lighting quality and durability for various applications.</p><ul><li>High-quality LED technology</li><li>Modern and sleek design</li><li>Energy-efficient performance</li><li>Reliable Luna Luce Italia craftsmanship</li></ul><h3>Technical Specifications</h3><table><tr><td>Code</td><td>LL-4405</td></tr><tr><td>Category</td><td>Pole & Bollard Light</td></tr></table><p><b>Application Note:</b> Suitable for professional lighting installations in residential and commercial spaces.</p>",Luna Luce Italia,Pole & Bollard Light,"Luna Luce Italia, Pole & Bollard Light, LED, Lighting, Premium",active,Title,Default Title,,,LL-4405,0,,https://alshola-almodea.com/assets/Products%20Img/LL-4405.png,Luna Luce Italia LL-4405 Pole & Bollard Light,Luna Luce Italia LL-4405 Pole & Bollard Light,Shop the premium Luna Luce Italia LL-4405 Pole & Bollard Light. High-quality lighting solutions for modern spaces.
luna-luce-italia-ll-4405,,,,,,,,,,,,,,"https://alshola-almodea.com/assets/Products%20Img/LL-4405,1.png",,,
luna-luce-italia-ll-4405,,,,,,,,,,,,,,"https://alshola-almodea.com/assets/Products%20Img/LL-4405,3.jpg",,,
luna-luce-italia-ll-4406,Luna Luce Italia LL-4406 Pole & Bollard Light,"<h3>Why You'll Love It</h3><p>The Luna Luce Italia LL-4406 is a premium pole & bollard light solution designed for modern architecture and design. Crafted with precision, it offers exceptional lighting quality and durability for various applications.</p><ul><li>High-quality LED technology</li><li>Modern and sleek design</li><li>Energy-efficient performance</li><li>Reliable Luna Luce Italia craftsmanship</li></ul><h3>Technical Specifications</h3><table><tr><td>Code</td><td>LL-4406</td></tr><tr><td>Category</td><td>Pole & Bollard Light</td></tr></table><p><b>Application Note:</b> Suitable for professional lighting installations in residential and commercial spaces.</p>",Luna Luce Italia,Pole & Bollard Light,"Luna Luce Italia, Pole & Bollard Light, LED, Lighting, Premium",active,Title,Default Title,,,LL-4406,0,,https://alshola-almodea.com/assets/Products%20Img/LL-4406.png,Luna Luce Italia LL-4406 Pole & Bollard Light,Luna Luce Italia LL-4406 Pole & Bollard Light,Shop the premium Luna Luce Italia LL-4406 Pole & Bollard Light. High-quality lighting solutions for modern spaces.
luna-luce-italia-ll-4405-2,Luna Luce Italia LL-4405-2 Pole & Bollard Light,"<h3>Why You'll Love It</h3><p>The Luna Luce Italia LL-4405-2 is a premium pole & bollard light solution designed for modern architecture and design. Crafted with precision, it offers exceptional lighting quality and durability for various applications.</p><ul><li>High-quality LED technology</li><li>Modern and sleek design</li><li>Energy-efficient performance</li><li>Reliable Luna Luce Italia craftsmanship</li></ul><h3>Technical Specifications</h3><table><tr><td>Code</td><td>LL-4405-2</td></tr><tr><td>Category</td><td>Pole & Bollard Light</td></tr></table><p><b>Application Note:</b> Suitable for professional lighting installations in residential and commercial spaces.</p>",Luna Luce Italia,Pole & Bollard Light,"Luna Luce Italia, Pole & Bollard Light, LED, Lighting, Premium",active,Title,Default Title,,,LL-4405-2,0,,https://alshola-almodea.com/assets/Products%20Img/LL-4405-2.png,Luna Luce Italia LL-4405-2 Pole & Bollard Light,Luna Luce Italia LL-4405-2 Pole & Bollard Light,Shop the premium Luna Luce Italia LL-4405-2 Pole & Bollard Light. High-quality lighting solutions for modern spaces.
luna-luce-italia-ll-4405-2,,,,,,,,,,,,,,"https://alshola-almodea.com/assets/Products%20Img/LL-4405-2,1.png",,,
luna-luce-italia-ll-4405-2,,,,,,,,,,,,,,"https://alshola-almodea.com/assets/Products%20Img/LL-4405-2,2.png",,,
luna-luce-italia-ll-4412,Luna Luce Italia LL-4412 Pole & Bollard Light,"<h3>Why You'll Love It</h3><p>The Luna Luce Italia LL-4412 is a premium pole & bollard light solution designed for modern architecture and design. Crafted with precision, it offers exceptional lighting quality and durability for various applications.</p><ul><li>High-quality LED technology</li><li>Modern and sleek design</li><li>Energy-efficient performance</li><li>Reliable Luna Luce Italia craftsmanship</li></ul><h3>Technical Specifications</h3><table><tr><td>Code</td><td>LL-4412</td></tr><tr><td>Category</td><td>Pole & Bollard Light</td></tr></table><p><b>Application Note:</b> Suitable for professional lighting installations in residential and commercial spaces.</p>",Luna Luce Italia,Pole & Bollard Light,"Luna Luce Italia, Pole & Bollard Light, LED, Lighting, Premium",active,Title,Default Title,,,LL-4412,0,,https://alshola-almodea.com/assets/Products%20Img/LL-4412.png,Luna Luce Italia LL-4412 Pole & Bollard Light,Luna Luce Italia LL-4412 Pole & Bollard Light,Shop the premium Luna Luce Italia LL-4412 Pole & Bollard Light. High-quality lighting solutions for modern spaces.
luna-luce-italia-ll-4412,,,,,,,,,,,,,,"https://alshola-almodea.com/assets/Products%20Img/LL-4412,1.png",,,
luna-luce-italia-ll-4412,,,,,,,,,,,,,,"https://alshola-almodea.com/assets/Products%20Img/LL-4412,2.png",,,
luna-luce-italia-ll-0720,Luna Luce Italia LL-0720 Up Light,"<h3>Why You'll Love It</h3><p>The Luna Luce Italia LL-0720 is a premium up light solution designed for modern architecture and design. Crafted with precision, it offers exceptional lighting quality and durability for various applications.</p><ul><li>High-quality LED technology</li><li>Modern and sleek design</li><li>Energy-efficient performance</li><li>Reliable Luna Luce Italia craftsmanship</li></ul><h3>Technical Specifications</h3><table><tr><td>Code</td><td>LL-0720</td></tr><tr><td>Category</td><td>Up Light</td></tr></table><p><b>Application Note:</b> Suitable for professional lighting installations in residential and commercial spaces.</p>",Luna Luce Italia,Up Light,"Luna Luce Italia, Up Light, LED, Lighting, Premium",active,Title,Default Title,,,LL-0720,0,,https://alshola-almodea.com/assets/Products%20Img/LL-0720.png,Luna Luce Italia LL-0720 Up Light,Luna Luce Italia LL-0720 Up Light,Shop the premium Luna Luce Italia LL-0720 Up Light. High-quality lighting solutions for modern spaces.
luna-luce-italia-ll-0720,,,,,,,,,,,,,,"https://alshola-almodea.com/assets/Products%20Img/LL-0720,1.png",,,
luna-luce-italia-ll-0720,,,,,,,,,,,,,,"https://alshola-almodea.com/assets/Products%20Img/LL-0720,2.png",,,
luna-luce-italia-ll-0720,,,,,,,,,,,,,,"https://alshola-almodea.com/assets/Products%20Img/LL-0720,3.webp",,,
luna-luce-italia-ll-0722,Luna Luce Italia LL-0722 Up Light,"<h3>Why You'll Love It</h3><p>The Luna Luce Italia LL-0722 is a premium up light solution designed for modern architecture and design. Crafted with precision, it offers exceptional lighting quality and durability for various applications.</p><ul><li>High-quality LED technology</li><li>Modern and sleek design</li><li>Energy-efficient performance</li><li>Reliable Luna Luce Italia craftsmanship</li></ul><h3>Technical Specifications</h3><table><tr><td>Code</td><td>LL-0722</td></tr><tr><td>Category</td><td>Up Light</td></tr></table><p><b>Application Note:</b> Suitable for professional lighting installations in residential and commercial spaces.</p>",Luna Luce Italia,Up Light,"Luna Luce Italia, Up Light, LED, Lighting, Premium",active,Title,Default Title,,,LL-0722,0,,https://alshola-almodea.com/assets/Products%20Img/LL-0722.png,Luna Luce Italia LL-0722 Up Light,Luna Luce Italia LL-0722 Up Light,Shop the premium Luna Luce Italia LL-0722 Up Light. High-quality lighting solutions for modern spaces.
luna-luce-italia-ll-0722,,,,,,,,,,,,,,"https://alshola-almodea.com/assets/Products%20Img/LL-0722,1.png",,,
luna-luce-italia-ll-0722,,,,,,,,,,,,,,"https://alshola-almodea.com/assets/Products%20Img/LL-0722,2.png",,,
luna-luce-italia-ll-0723,Luna Luce Italia LL-0723 Up Light,"<h3>Why You'll Love It</h3><p>The Luna Luce Italia LL-0723 is a premium up light solution designed for modern architecture and design. Crafted with precision, it offers exceptional lighting quality and durability for various applications.</p><ul><li>High-quality LED technology</li><li>Modern and sleek design</li><li>Energy-efficient performance</li><li>Reliable Luna Luce Italia craftsmanship</li></ul><h3>Technical Specifications</h3><table><tr><td>Code</td><td>LL-0723</td></tr><tr><td>Category</td><td>Up Light</td></tr></table><p><b>Application Note:</b> Suitable for professional lighting installations in residential and commercial spaces.</p>",Luna Luce Italia,Up Light,"Luna Luce Italia, Up Light, LED, Lighting, Premium",active,Title,Default Title,,,LL-0723,0,,https://alshola-almodea.com/assets/Products%20Img/LL-0723.png,Luna Luce Italia LL-0723 Up Light,Luna Luce Italia LL-0723 Up Light,Shop the premium Luna Luce Italia LL-0723 Up Light. High-quality lighting solutions for modern spaces.
luna-luce-italia-ll-0724,Luna Luce Italia LL-0724 Up Light,"<h3>Why You'll Love It</h3><p>The Luna Luce Italia LL-0724 is a premium up light solution designed for modern architecture and design. Crafted with precision, it offers exceptional lighting quality and durability for various applications.</p><ul><li>High-quality LED technology</li><li>Modern and sleek design</li><li>Energy-efficient performance</li><li>Reliable Luna Luce Italia craftsmanship</li></ul><h3>Technical Specifications</h3><table><tr><td>Code</td><td>LL-0724</td></tr><tr><td>Category</td><td>Up Light</td></tr></table><p><b>Application Note:</b> Suitable for professional lighting installations in residential and commercial spaces.</p>",Luna Luce Italia,Up Light,"Luna Luce Italia, Up Light, LED, Lighting, Premium",active,Title,Default Title,,,LL-0724,0,,https://alshola-almodea.com/assets/Products%20Img/LL-0724.png,Luna Luce Italia LL-0724 Up Light,Luna Luce Italia LL-0724 Up Light,Shop the premium Luna Luce Italia LL-0724 Up Light. High-quality lighting solutions for modern spaces.
luna-luce-italia-ll-2133,Luna Luce Italia LL-2133 Up Light,"<h3>Why You'll Love It</h3><p>The Luna Luce Italia LL-2133 is a premium up light solution designed for modern architecture and design. Crafted with precision, it offers exceptional lighting quality and durability for various applications.</p><ul><li>High-quality LED technology</li><li>Modern and sleek design</li><li>Energy-efficient performance</li><li>Reliable Luna Luce Italia craftsmanship</li></ul><h3>Technical Specifications</h3><table><tr><td>Code</td><td>LL-2133</td></tr><tr><td>Category</td><td>Up Light</td></tr></table><p><b>Application Note:</b> Suitable for professional lighting installations in residential and commercial spaces.</p>",Luna Luce Italia,Up Light,"Luna Luce Italia, Up Light, LED, Lighting, Premium",active,Title,Default Title,,,LL-2133,0,,https://alshola-almodea.com/assets/Products%20Img/LL-2133.png,Luna Luce Italia LL-2133 Up Light,Luna Luce Italia LL-2133 Up Light,Shop the premium Luna Luce Italia LL-2133 Up Light. High-quality lighting solutions for modern spaces.
luna-luce-italia-ll-2133,,,,,,,,,,,,,,"https://alshola-almodea.com/assets/Products%20Img/LL-2133,1.png",,,
luna-luce-italia-ll-9011,Luna Luce Italia LL-9011 Up Light,"<h3>Why You'll Love It</h3><p>The Luna Luce Italia LL-9011 is a premium up light solution designed for modern architecture and design. Crafted with precision, it offers exceptional lighting quality and durability for various applications.</p><ul><li>High-quality LED technology</li><li>Modern and sleek design</li><li>Energy-efficient performance</li><li>Reliable Luna Luce Italia craftsmanship</li></ul><h3>Technical Specifications</h3><table><tr><td>Code</td><td>LL-9011</td></tr><tr><td>Category</td><td>Up Light</td></tr></table><p><b>Application Note:</b> Suitable for professional lighting installations in residential and commercial spaces.</p>",Luna Luce Italia,Up Light,"Luna Luce Italia, Up Light, LED, Lighting, Premium",active,Title,Default Title,,,LL-9011,0,,https://alshola-almodea.com/assets/Products%20Img/LL-9011.png,Luna Luce Italia LL-9011 Up Light,Luna Luce Italia LL-9011 Up Light,Shop the premium Luna Luce Italia LL-9011 Up Light. High-quality lighting solutions for modern spaces.
luna-luce-italia-ll-9012,Luna Luce Italia LL-9012 Up Light,"<h3>Why You'll Love It</h3><p>The Luna Luce Italia LL-9012 is a premium up light solution designed for modern architecture and design. Crafted with precision, it offers exceptional lighting quality and durability for various applications.</p><ul><li>High-quality LED technology</li><li>Modern and sleek design</li><li>Energy-efficient performance</li><li>Reliable Luna Luce Italia craftsmanship</li></ul><h3>Technical Specifications</h3><table><tr><td>Code</td><td>LL-9012</td></tr><tr><td>Category</td><td>Up Light</td></tr></table><p><b>Application Note:</b> Suitable for professional lighting installations in residential and commercial spaces.</p>",Luna Luce Italia,Up Light,"Luna Luce Italia, Up Light, LED, Lighting, Premium",active,Title,Default Title,,,LL-9012,0,,https://alshola-almodea.com/assets/Products%20Img/LL-9012.png,Luna Luce Italia LL-9012 Up Light,Luna Luce Italia LL-9012 Up Light,Shop the premium Luna Luce Italia LL-9012 Up Light. High-quality lighting solutions for modern spaces.
luna-luce-italia-ll-9012,,,,,,,,,,,,,,"https://alshola-almodea.com/assets/Products%20Img/LL-9012,1.png",,,
luna-luce-italia-ll-9012,,,,,,,,,,,,,,"https://alshola-almodea.com/assets/Products%20Img/LL-9012,2.png",,,
luna-luce-italia-ll-9013,Luna Luce Italia LL-9013 Up Light,"<h3>Why You'll Love It</h3><p>The Luna Luce Italia LL-9013 is a premium up light solution designed for modern architecture and design. Crafted with precision, it offers exceptional lighting quality and durability for various applications.</p><ul><li>High-quality LED technology</li><li>Modern and sleek design</li><li>Energy-efficient performance</li><li>Reliable Luna Luce Italia craftsmanship</li></ul><h3>Technical Specifications</h3><table><tr><td>Code</td><td>LL-9013</td></tr><tr><td>Category</td><td>Up Light</td></tr></table><p><b>Application Note:</b> Suitable for professional lighting installations in residential and commercial spaces.</p>",Luna Luce Italia,Up Light,"Luna Luce Italia, Up Light, LED, Lighting, Premium",active,Title,Default Title,,,LL-9013,0,,https://alshola-almodea.com/assets/Products%20Img/LL-9013.png,Luna Luce Italia LL-9013 Up Light,Luna Luce Italia LL-9013 Up Light,Shop the premium Luna Luce Italia LL-9013 Up Light. High-quality lighting solutions for modern spaces.
luna-luce-italia-ll-9013,,,,,,,,,,,,,,"https://alshola-almodea.com/assets/Products%20Img/LL-9013,1.png",,,
luna-luce-italia-ll-9013,,,,,,,,,,,,,,"https://alshola-almodea.com/assets/Products%20Img/LL-9013,2.png",,,
luna-luce-italia-ll-9013,,,,,,,,,,,,,,"https://alshola-almodea.com/assets/Products%20Img/LL-9013,3.png",,,
luna-luce-italia-ll-0725,Luna Luce Italia LL-0725 Up Light,"<h3>Why You'll Love It</h3><p>The Luna Luce Italia LL-0725 is a premium up light solution designed for modern architecture and design. Crafted with precision, it offers exceptional lighting quality and durability for various applications.</p><ul><li>High-quality LED technology</li><li>Modern and sleek design</li><li>Energy-efficient performance</li><li>Reliable Luna Luce Italia craftsmanship</li></ul><h3>Technical Specifications</h3><table><tr><td>Code</td><td>LL-0725</td></tr><tr><td>Category</td><td>Up Light</td></tr></table><p><b>Application Note:</b> Suitable for professional lighting installations in residential and commercial spaces.</p>",Luna Luce Italia,Up Light,"Luna Luce Italia, Up Light, LED, Lighting, Premium",active,Title,Default Title,,,LL-0725,0,,https://alshola-almodea.com/assets/Products%20Img/LL-0725.webp,Luna Luce Italia LL-0725 Up Light,Luna Luce Italia LL-0725 Up Light,Shop the premium Luna Luce Italia LL-0725 Up Light. High-quality lighting solutions for modern spaces.
luna-luce-italia-ll-0007,Luna Luce Italia LL-0007 Up Light,"<h3>Why You'll Love It</h3><p>The Luna Luce Italia LL-0007 is a premium up light solution designed for modern architecture and design. Crafted with precision, it offers exceptional lighting quality and durability for various applications.</p><ul><li>High-quality LED technology</li><li>Modern and sleek design</li><li>Energy-efficient performance</li><li>Reliable Luna Luce Italia craftsmanship</li></ul><h3>Technical Specifications</h3><table><tr><td>Code</td><td>LL-0007</td></tr><tr><td>Category</td><td>Up Light</td></tr></table><p><b>Application Note:</b> Suitable for professional lighting installations in residential and commercial spaces.</p>",Luna Luce Italia,Up Light,"Luna Luce Italia, Up Light, LED, Lighting, Premium",active,Title,Default Title,,,LL-0007,0,,https://alshola-almodea.com/assets/Products%20Img/LL-0007.png,Luna Luce Italia LL-0007 Up Light,Luna Luce Italia LL-0007 Up Light,Shop the premium Luna Luce Italia LL-0007 Up Light. High-quality lighting solutions for modern spaces.
luna-luce-italia-ll-0007,,,,,,,,,,,,,,"https://alshola-almodea.com/assets/Products%20Img/LL-0007,1.png",,,
luna-luce-italia-ll-1014,Luna Luce Italia LL-1014 Ceiling Light,"<h3>Why You'll Love It</h3><p>The Luna Luce Italia LL-1014 is a premium ceiling light solution designed for modern architecture and design. Crafted with precision, it offers exceptional lighting quality and durability for various applications.</p><ul><li>High-quality LED technology</li><li>Modern and sleek design</li><li>Energy-efficient performance</li><li>Reliable Luna Luce Italia craftsmanship</li></ul><h3>Technical Specifications</h3><table><tr><td>Code</td><td>LL-1014</td></tr><tr><td>Category</td><td>Ceiling Light</td></tr></table><p><b>Application Note:</b> Suitable for professional lighting installations in residential and commercial spaces.</p>",Luna Luce Italia,Ceiling Light,"Luna Luce Italia, Ceiling Light, LED, Lighting, Premium",active,Title,Default Title,,,LL-1014,0,,https://alshola-almodea.com/assets/Products%20Img/LL-1014.png,Luna Luce Italia LL-1014 Ceiling Light,Luna Luce Italia LL-1014 Ceiling Light,Shop the premium Luna Luce Italia LL-1014 Ceiling Light. High-quality lighting solutions for modern spaces.
luna-luce-italia-ll-1014,,,,,,,,,,,,,,"https://alshola-almodea.com/assets/Products%20Img/LL-1014,1.jpg",,,
luna-luce-italia-ll-1014,,,,,,,,,,,,,,"https://alshola-almodea.com/assets/Products%20Img/LL-1014,2.png",,,
luna-luce-italia-ll-1014,,,,,,,,,,,,,,"https://alshola-almodea.com/assets/Products%20Img/LL-1014,3.png",,,
luna-luce-italia-ll-1015,Luna Luce Italia LL-1015 Ceiling Light,"<h3>Why You'll Love It</h3><p>The Luna Luce Italia LL-1015 is a premium ceiling light solution designed for modern architecture and design. Crafted with precision, it offers exceptional lighting quality and durability for various applications.</p><ul><li>High-quality LED technology</li><li>Modern and sleek design</li><li>Energy-efficient performance</li><li>Reliable Luna Luce Italia craftsmanship</li></ul><h3>Technical Specifications</h3><table><tr><td>Code</td><td>LL-1015</td></tr><tr><td>Category</td><td>Ceiling Light</td></tr></table><p><b>Application Note:</b> Suitable for professional lighting installations in residential and commercial spaces.</p>",Luna Luce Italia,Ceiling Light,"Luna Luce Italia, Ceiling Light, LED, Lighting, Premium",active,Title,Default Title,,,LL-1015,0,,https://alshola-almodea.com/assets/Products%20Img/LL-1015.png,Luna Luce Italia LL-1015 Ceiling Light,Luna Luce Italia LL-1015 Ceiling Light,Shop the premium Luna Luce Italia LL-1015 Ceiling Light. High-quality lighting solutions for modern spaces.
luna-luce-italia-ll-1015,,,,,,,,,,,,,,"https://alshola-almodea.com/assets/Products%20Img/LL-1015,1.png",,,
luna-luce-italia-ll-1015,,,,,,,,,,,,,,"https://alshola-almodea.com/assets/Products%20Img/LL-1015,2.png",,,
luna-luce-italia-ll-1016,Luna Luce Italia LL-1016 Ceiling Light,"<h3>Why You'll Love It</h3><p>The Luna Luce Italia LL-1016 is a premium ceiling light solution designed for modern architecture and design. Crafted with precision, it offers exceptional lighting quality and durability for various applications.</p><ul><li>High-quality LED technology</li><li>Modern and sleek design</li><li>Energy-efficient performance</li><li>Reliable Luna Luce Italia craftsmanship</li></ul><h3>Technical Specifications</h3><table><tr><td>Code</td><td>LL-1016</td></tr><tr><td>Category</td><td>Ceiling Light</td></tr></table><p><b>Application Note:</b> Suitable for professional lighting installations in residential and commercial spaces.</p>",Luna Luce Italia,Ceiling Light,"Luna Luce Italia, Ceiling Light, LED, Lighting, Premium",active,Title,Default Title,,,LL-1016,0,,https://alshola-almodea.com/assets/Products%20Img/LL-1016.png,Luna Luce Italia LL-1016 Ceiling Light,Luna Luce Italia LL-1016 Ceiling Light,Shop the premium Luna Luce Italia LL-1016 Ceiling Light. High-quality lighting solutions for modern spaces.
luna-luce-italia-ll-1016,,,,,,,,,,,,,,"https://alshola-almodea.com/assets/Products%20Img/LL-1016,1.webp",,,
luna-luce-italia-ll-1017-s,Luna Luce Italia LL-1017-S Ceiling Light,"<h3>Why You'll Love It</h3><p>The Luna Luce Italia LL-1017-S is a premium ceiling light solution designed for modern architecture and design. Crafted with precision, it offers exceptional lighting quality and durability for various applications.</p><ul><li>High-quality LED technology</li><li>Modern and sleek design</li><li>Energy-efficient performance</li><li>Reliable Luna Luce Italia craftsmanship</li></ul><h3>Technical Specifications</h3><table><tr><td>Code</td><td>LL-1017-S</td></tr><tr><td>Category</td><td>Ceiling Light</td></tr></table><p><b>Application Note:</b> Suitable for professional lighting installations in residential and commercial spaces.</p>",Luna Luce Italia,Ceiling Light,"Luna Luce Italia, Ceiling Light, LED, Lighting, Premium",active,Title,Default Title,,,LL-1017-S,0,,https://alshola-almodea.com/assets/Products%20Img/LL-1017-S.png,Luna Luce Italia LL-1017-S Ceiling Light,Luna Luce Italia LL-1017-S Ceiling Light,Shop the premium Luna Luce Italia LL-1017-S Ceiling Light. High-quality lighting solutions for modern spaces.
luna-luce-italia-ll-1017-s,,,,,,,,,,,,,,"https://alshola-almodea.com/assets/Products%20Img/LL-1017-S,1.png",,,
luna-luce-italia-ll-1017-s,,,,,,,,,,,,,,"https://alshola-almodea.com/assets/Products%20Img/LL-1017-S,2.png",,,
luna-luce-italia-ll-160-1,Luna Luce Italia LL-160.1 Ceiling Light,"<h3>Why You'll Love It</h3><p>The Luna Luce Italia LL-160.1 is a premium ceiling light solution designed for modern architecture and design. Crafted with precision, it offers exceptional lighting quality and durability for various applications.</p><ul><li>High-quality LED technology</li><li>Modern and sleek design</li><li>Energy-efficient performance</li><li>Reliable Luna Luce Italia craftsmanship</li></ul><h3>Technical Specifications</h3><table><tr><td>Code</td><td>LL-160.1</td></tr><tr><td>Category</td><td>Ceiling Light</td></tr></table><p><b>Application Note:</b> Suitable for professional lighting installations in residential and commercial spaces.</p>",Luna Luce Italia,Ceiling Light,"Luna Luce Italia, Ceiling Light, LED, Lighting, Premium",active,Title,Default Title,,,LL-160.1,0,,https://alshola-almodea.com/assets/Products%20Img/LL-160.1.png,Luna Luce Italia LL-160.1 Ceiling Light,Luna Luce Italia LL-160.1 Ceiling Light,Shop the premium Luna Luce Italia LL-160.1 Ceiling Light. High-quality lighting solutions for modern spaces.
luna-luce-italia-ll-5013,Luna Luce Italia LL-5013 Ceiling Light,"<h3>Why You'll Love It</h3><p>The Luna Luce Italia LL-5013 is a premium ceiling light solution designed for modern architecture and design. Crafted with precision, it offers exceptional lighting quality and durability for various applications.</p><ul><li>High-quality LED technology</li><li>Modern and sleek design</li><li>Energy-efficient performance</li><li>Reliable Luna Luce Italia craftsmanship</li></ul><h3>Technical Specifications</h3><table><tr><td>Code</td><td>LL-5013</td></tr><tr><td>Category</td><td>Ceiling Light</td></tr></table><p><b>Application Note:</b> Suitable for professional lighting installations in residential and commercial spaces.</p>",Luna Luce Italia,Ceiling Light,"Luna Luce Italia, Ceiling Light, LED, Lighting, Premium",active,Title,Default Title,,,LL-5013,0,,https://alshola-almodea.com/assets/Products%20Img/LL-5013.png,Luna Luce Italia LL-5013 Ceiling Light,Luna Luce Italia LL-5013 Ceiling Light,Shop the premium Luna Luce Italia LL-5013 Ceiling Light. High-quality lighting solutions for modern spaces.
luna-luce-italia-ll-4407,Luna Luce Italia LL-4407 Flood Light,"<h3>Why You'll Love It</h3><p>The Luna Luce Italia LL-4407 is a premium flood light solution designed for modern architecture and design. Crafted with precision, it offers exceptional lighting quality and durability for various applications.</p><ul><li>High-quality LED technology</li><li>Modern and sleek design</li><li>Energy-efficient performance</li><li>Reliable Luna Luce Italia craftsmanship</li></ul><h3>Technical Specifications</h3><table><tr><td>Code</td><td>LL-4407</td></tr><tr><td>Category</td><td>Flood Light</td></tr></table><p><b>Application Note:</b> Suitable for professional lighting installations in residential and commercial spaces.</p>",Luna Luce Italia,Flood Light,"Luna Luce Italia, Flood Light, LED, Lighting, Premium",active,Title,Default Title,,,LL-4407,0,,https://alshola-almodea.com/assets/Products%20Img/BL-LL-4407.png,Luna Luce Italia LL-4407 Flood Light,Luna Luce Italia LL-4407 Flood Light,Shop the premium Luna Luce Italia LL-4407 Flood Light. High-quality lighting solutions for modern spaces.
luna-luce-italia-ll-4407,,,,,,,,,,,,,,"https://alshola-almodea.com/assets/Products%20Img/BL-LL-4407,1.png",,,
luna-luce-italia-ll-4407,,,,,,,,,,,,,,"https://alshola-almodea.com/assets/Products%20Img/LL-4407,1.png",,,
luna-luce-italia-ll-4407,,,,,,,,,,,,,,"https://alshola-almodea.com/assets/Products%20Img/BL-LL-4407,2.png",,,
luna-luce-italia-ll-4407,,,,,,,,,,,,,,"https://alshola-almodea.com/assets/Products%20Img/LL-4407,2.png",,,
luna-luce-italia-ll-4407-4,Luna Luce Italia LL-4407-4 Flood Light,"<h3>Why You'll Love It</h3><p>The Luna Luce Italia LL-4407-4 is a premium flood light solution designed for modern architecture and design. Crafted with precision, it offers exceptional lighting quality and durability for various applications.</p><ul><li>High-quality LED technology</li><li>Modern and sleek design</li><li>Energy-efficient performance</li><li>Reliable Luna Luce Italia craftsmanship</li></ul><h3>Technical Specifications</h3><table><tr><td>Code</td><td>LL-4407-4</td></tr><tr><td>Category</td><td>Flood Light</td></tr></table><p><b>Application Note:</b> Suitable for professional lighting installations in residential and commercial spaces.</p>",Luna Luce Italia,Flood Light,"Luna Luce Italia, Flood Light, LED, Lighting, Premium",active,Title,Default Title,,,LL-4407-4,0,,https://alshola-almodea.com/assets/Products%20Img/LL-4407-4.png,Luna Luce Italia LL-4407-4 Flood Light,Luna Luce Italia LL-4407-4 Flood Light,Shop the premium Luna Luce Italia LL-4407-4 Flood Light. High-quality lighting solutions for modern spaces.
luna-luce-italia-ll-4407-4,,,,,,,,,,,,,,"https://alshola-almodea.com/assets/Products%20Img/LL-4407-4,1.jpg",,,
luna-luce-italia-ll-4408,Luna Luce Italia LL-4408 Flood Light,"<h3>Why You'll Love It</h3><p>The Luna Luce Italia LL-4408 is a premium flood light solution designed for modern architecture and design. Crafted with precision, it offers exceptional lighting quality and durability for various applications.</p><ul><li>High-quality LED technology</li><li>Modern and sleek design</li><li>Energy-efficient performance</li><li>Reliable Luna Luce Italia craftsmanship</li></ul><h3>Technical Specifications</h3><table><tr><td>Code</td><td>LL-4408</td></tr><tr><td>Category</td><td>Flood Light</td></tr></table><p><b>Application Note:</b> Suitable for professional lighting installations in residential and commercial spaces.</p>",Luna Luce Italia,Flood Light,"Luna Luce Italia, Flood Light, LED, Lighting, Premium",active,Title,Default Title,,,LL-4408,0,,https://alshola-almodea.com/assets/Products%20Img/FD-LL-4408.png,Luna Luce Italia LL-4408 Flood Light,Luna Luce Italia LL-4408 Flood Light,Shop the premium Luna Luce Italia LL-4408 Flood Light. High-quality lighting solutions for modern spaces.
luna-luce-italia-ll-4408,,,,,,,,,,,,,,"https://alshola-almodea.com/assets/Products%20Img/FD-LL-4408,1.png",,,
luna-luce-italia-ll-4408,,,,,,,,,,,,,,"https://alshola-almodea.com/assets/Products%20Img/FD-LL-4408,2.png",,,
luna-luce-italia-ll-4402,Luna Luce Italia LL-4402 Flood Light,"<h3>Why You'll Love It</h3><p>The Luna Luce Italia LL-4402 is a premium flood light solution designed for modern architecture and design. Crafted with precision, it offers exceptional lighting quality and durability for various applications.</p><ul><li>High-quality LED technology</li><li>Modern and sleek design</li><li>Energy-efficient performance</li><li>Reliable Luna Luce Italia craftsmanship</li></ul><h3>Technical Specifications</h3><table><tr><td>Code</td><td>LL-4402</td></tr><tr><td>Category</td><td>Flood Light</td></tr></table><p><b>Application Note:</b> Suitable for professional lighting installations in residential and commercial spaces.</p>",Luna Luce Italia,Flood Light,"Luna Luce Italia, Flood Light, LED, Lighting, Premium",active,Title,Default Title,,,LL-4402,0,,https://alshola-almodea.com/assets/Products%20Img/FD-LL-4402.png,Luna Luce Italia LL-4402 Flood Light,Luna Luce Italia LL-4402 Flood Light,Shop the premium Luna Luce Italia LL-4402 Flood Light. High-quality lighting solutions for modern spaces.
luna-luce-italia-ll-4401,Luna Luce Italia LL-4401 Flood Light,"<h3>Why You'll Love It</h3><p>The Luna Luce Italia LL-4401 is a premium flood light solution designed for modern architecture and design. Crafted with precision, it offers exceptional lighting quality and durability for various applications.</p><ul><li>High-quality LED technology</li><li>Modern and sleek design</li><li>Energy-efficient performance</li><li>Reliable Luna Luce Italia craftsmanship</li></ul><h3>Technical Specifications</h3><table><tr><td>Code</td><td>LL-4401</td></tr><tr><td>Category</td><td>Flood Light</td></tr></table><p><b>Application Note:</b> Suitable for professional lighting installations in residential and commercial spaces.</p>",Luna Luce Italia,Flood Light,"Luna Luce Italia, Flood Light, LED, Lighting, Premium",active,Title,Default Title,,,LL-4401,0,,https://alshola-almodea.com/assets/Products%20Img/FD-LL-4401.png,Luna Luce Italia LL-4401 Flood Light,Luna Luce Italia LL-4401 Flood Light,Shop the premium Luna Luce Italia LL-4401 Flood Light. High-quality lighting solutions for modern spaces.
luna-luce-italia-ll-4414,Luna Luce Italia LL-4414 Flood Light,"<h3>Why You'll Love It</h3><p>The Luna Luce Italia LL-4414 is a premium flood light solution designed for modern architecture and design. Crafted with precision, it offers exceptional lighting quality and durability for various applications.</p><ul><li>High-quality LED technology</li><li>Modern and sleek design</li><li>Energy-efficient performance</li><li>Reliable Luna Luce Italia craftsmanship</li></ul><h3>Technical Specifications</h3><table><tr><td>Code</td><td>LL-4414</td></tr><tr><td>Category</td><td>Flood Light</td></tr></table><p><b>Application Note:</b> Suitable for professional lighting installations in residential and commercial spaces.</p>",Luna Luce Italia,Flood Light,"Luna Luce Italia, Flood Light, LED, Lighting, Premium",active,Title,Default Title,,,LL-4414,0,,https://alshola-almodea.com/assets/Products%20Img/LL-4414.png,Luna Luce Italia LL-4414 Flood Light,Luna Luce Italia LL-4414 Flood Light,Shop the premium Luna Luce Italia LL-4414 Flood Light. High-quality lighting solutions for modern spaces.
luna-luce-italia-ll-4414,,,,,,,,,,,,,,"https://alshola-almodea.com/assets/Products%20Img/LL-4414,1.png",,,
luna-luce-italia-ll-4414,,,,,,,,,,,,,,"https://alshola-almodea.com/assets/Products%20Img/LL-4414,3.png",,,
luna-luce-italia-ll-4415,Luna Luce Italia LL-4415 Flood Light,"<h3>Why You'll Love It</h3><p>The Luna Luce Italia LL-4415 is a premium flood light solution designed for modern architecture and design. Crafted with precision, it offers exceptional lighting quality and durability for various applications.</p><ul><li>High-quality LED technology</li><li>Modern and sleek design</li><li>Energy-efficient performance</li><li>Reliable Luna Luce Italia craftsmanship</li></ul><h3>Technical Specifications</h3><table><tr><td>Code</td><td>LL-4415</td></tr><tr><td>Category</td><td>Flood Light</td></tr></table><p><b>Application Note:</b> Suitable for professional lighting installations in residential and commercial spaces.</p>",Luna Luce Italia,Flood Light,"Luna Luce Italia, Flood Light, LED, Lighting, Premium",active,Title,Default Title,,,LL-4415,0,,https://alshola-almodea.com/assets/Products%20Img/LL-4415.png,Luna Luce Italia LL-4415 Flood Light,Luna Luce Italia LL-4415 Flood Light,Shop the premium Luna Luce Italia LL-4415 Flood Light. High-quality lighting solutions for modern spaces.
luna-luce-italia-ll-4416,Luna Luce Italia LL-4416 Flood Light,"<h3>Why You'll Love It</h3><p>The Luna Luce Italia LL-4416 is a premium flood light solution designed for modern architecture and design. Crafted with precision, it offers exceptional lighting quality and durability for various applications.</p><ul><li>High-quality LED technology</li><li>Modern and sleek design</li><li>Energy-efficient performance</li><li>Reliable Luna Luce Italia craftsmanship</li></ul><h3>Technical Specifications</h3><table><tr><td>Code</td><td>LL-4416</td></tr><tr><td>Category</td><td>Flood Light</td></tr></table><p><b>Application Note:</b> Suitable for professional lighting installations in residential and commercial spaces.</p>",Luna Luce Italia,Flood Light,"Luna Luce Italia, Flood Light, LED, Lighting, Premium",active,Title,Default Title,,,LL-4416,0,,https://alshola-almodea.com/assets/Products%20Img/LL-4416.png,Luna Luce Italia LL-4416 Flood Light,Luna Luce Italia LL-4416 Flood Light,Shop the premium Luna Luce Italia LL-4416 Flood Light. High-quality lighting solutions for modern spaces.
luna-luce-italia-ll-4416,,,,,,,,,,,,,,"https://alshola-almodea.com/assets/Products%20Img/LL-4416,1.png",,,
luna-luce-italia-ll-4416,,,,,,,,,,,,,,"https://alshola-almodea.com/assets/Products%20Img/LL-4416,2.png",,,
luna-luce-italia-ll-4420,Luna Luce Italia LL-4420 Flood Light,"<h3>Why You'll Love It</h3><p>The Luna Luce Italia LL-4420 is a premium flood light solution designed for modern architecture and design. Crafted with precision, it offers exceptional lighting quality and durability for various applications.</p><ul><li>High-quality LED technology</li><li>Modern and sleek design</li><li>Energy-efficient performance</li><li>Reliable Luna Luce Italia craftsmanship</li></ul><h3>Technical Specifications</h3><table><tr><td>Code</td><td>LL-4420</td></tr><tr><td>Category</td><td>Flood Light</td></tr></table><p><b>Application Note:</b> Suitable for professional lighting installations in residential and commercial spaces.</p>",Luna Luce Italia,Flood Light,"Luna Luce Italia, Flood Light, LED, Lighting, Premium",active,Title,Default Title,,,LL-4420,0,,https://alshola-almodea.com/assets/Products%20Img/LL-4420.png,Luna Luce Italia LL-4420 Flood Light,Luna Luce Italia LL-4420 Flood Light,Shop the premium Luna Luce Italia LL-4420 Flood Light. High-quality lighting solutions for modern spaces.
luna-luce-italia-ll-4420,,,,,,,,,,,,,,"https://alshola-almodea.com/assets/Products%20Img/LL-4420,1.png",,,
luna-luce-italia-ll-4420,,,,,,,,,,,,,,"https://alshola-almodea.com/assets/Products%20Img/LL-4420,2.png",,,
luna-luce-italia-ll-4410,Luna Luce Italia LL-4410 Flood Light,"<h3>Why You'll Love It</h3><p>The Luna Luce Italia LL-4410 is a premium flood light solution designed for modern architecture and design. Crafted with precision, it offers exceptional lighting quality and durability for various applications.</p><ul><li>High-quality LED technology</li><li>Modern and sleek design</li><li>Energy-efficient performance</li><li>Reliable Luna Luce Italia craftsmanship</li></ul><h3>Technical Specifications</h3><table><tr><td>Code</td><td>LL-4410</td></tr><tr><td>Category</td><td>Flood Light</td></tr></table><p><b>Application Note:</b> Suitable for professional lighting installations in residential and commercial spaces.</p>",Luna Luce Italia,Flood Light,"Luna Luce Italia, Flood Light, LED, Lighting, Premium",active,Title,Default Title,,,LL-4410,0,,https://alshola-almodea.com/assets/Products%20Img/LL-4410.png,Luna Luce Italia LL-4410 Flood Light,Luna Luce Italia LL-4410 Flood Light,Shop the premium Luna Luce Italia LL-4410 Flood Light. High-quality lighting solutions for modern spaces.
luna-luce-italia-ll-4410,,,,,,,,,,,,,,"https://alshola-almodea.com/assets/Products%20Img/LL-4410,1.png",,,
luna-luce-italia-ll-4410,,,,,,,,,,,,,,"https://alshola-almodea.com/assets/Products%20Img/LL-4410,2.png",,,
